judge_model,prompt_template,golden_answer_alias_count,judge_score,human_score,score_delta,percent_agreement,scotts_pi,precision,recall,f1,tp,fp,tn,fn,fpr,fnr,invalid_rate,valid_rate,avg_latency_ms,p50_latency_ms,p95_latency_ms,total_estimated_cost
claude_opus_4_7,minimal,1,0.6565420560747663,0.6752336448598131,-0.01869158878504673,0.9439252336448598,0.8739786529260214,0.9715302491103203,0.9446366782006921,0.9578947368421051,273,8,131,16,0.05755395683453238,0.05536332179930796,0.0,1.0,1882.1985981308412,1484.5,3344.95,0.874635
claude_opus_4_7,minimal,2,0.7428571428571429,0.8,-0.05714285714285716,0.9142857142857143,0.7569444444444444,0.9807692307692307,0.9107142857142857,0.9444444444444444,153,3,39,15,0.07142857142857142,0.08928571428571429,0.0,1.0,2004.9714285714285,1556.5,4256.399999999999,0.43071499999999996
claude_opus_4_7,minimal,3,0.7604166666666666,0.8020833333333334,-0.04166666666666674,0.9583333333333334,0.8780952380952382,1.0,0.948051948051948,0.9733333333333333,73,0,19,4,0.0,0.05194805194805195,0.0,1.0,2227.2604166666665,1486.5,6965.0,0.20046999999999998
claude_opus_4_7,minimal,4,0.8163265306122449,0.8571428571428571,-0.04081632653061218,0.8775510204081632,0.5518292682926826,0.95,0.9047619047619048,0.9268292682926829,38,2,5,4,0.2857142857142857,0.09523809523809523,0.0,1.0,2134.1428571428573,1600.0,5376.1999999999925,0.11133
claude_opus_4_7,minimal,5,0.68,0.76,-0.07999999999999996,0.92,0.8015873015873017,1.0,0.8947368421052632,0.9444444444444444,17,0,6,2,0.0,0.10526315789473684,0.0,1.0,2719.36,1923.0,7315.799999999993,0.062415
claude_opus_4_7,minimal,6,0.7878787878787878,0.8181818181818182,-0.030303030303030387,0.9090909090909091,0.7126269956458635,0.9615384615384616,0.9259259259259259,0.9433962264150944,25,1,5,2,0.16666666666666666,0.07407407407407407,0.0,1.0,2633.0,1811.0,6136.7999999999965,0.08169
claude_opus_4_7,minimal,7,0.8620689655172413,0.896551724137931,-0.034482758620689724,0.9655172413793104,0.8375350140056024,1.0,0.9615384615384616,0.9803921568627451,25,0,3,1,0.0,0.038461538461538464,0.0,1.0,3081.1724137931033,1711.0,9954.399999999992,0.07059
claude_opus_4_7,minimal,8,0.8387096774193549,0.9032258064516129,-0.06451612903225801,0.9354838709677419,0.7129629629629628,1.0,0.9285714285714286,0.962962962962963,26,0,3,2,0.0,0.07142857142857142,0.0,1.0,1791.5483870967741,1541.0,3216.5,0.075605
claude_opus_4_7,minimal,9,0.85,0.85,0.0,1.0,1.0,1.0,1.0,1.0,17,0,3,0,0.0,0.0,0.0,1.0,2173.5,1765.5,4357.4000000000015,0.056760000000000005
claude_opus_4_7,minimal,10,0.9,0.9,0.0,1.0,1.0,1.0,1.0,1.0,18,0,2,0,0.0,0.0,0.0,1.0,2189.8,1604.0,4923.750000000002,0.061485
claude_opus_4_7,minimal,11,1.0,1.0,0.0,1.0,1.0,1.0,1.0,1.0,11,0,0,0,0.0,0.0,0.0,1.0,6088.181818181818,4346.0,16806.0,0.031845000000000005
claude_opus_4_7,minimal,12,1.0,1.0,0.0,1.0,1.0,1.0,1.0,1.0,13,0,0,0,0.0,0.0,0.0,1.0,2394.230769230769,1361.0,7495.999999999997,0.03557
claude_opus_4_7,minimal,13,0.9285714285714286,0.9285714285714286,0.0,1.0,1.0,1.0,1.0,1.0,13,0,1,0,0.0,0.0,0.0,1.0,1854.142857142857,1503.5,3184.35,0.031375
claude_opus_4_7,minimal,14,0.8666666666666667,0.8666666666666667,0.0,1.0,1.0,1.0,1.0,1.0,13,0,2,0,0.0,0.0,0.0,1.0,2116.733333333333,1661.0,3556.0999999999976,0.041775
claude_opus_4_7,minimal,15,1.0,1.0,0.0,1.0,1.0,1.0,1.0,1.0,12,0,0,0,0.0,0.0,0.0,1.0,3194.9166666666665,1623.5,9968.249999999998,0.040404999999999996
claude_opus_4_7,minimal,16,0.16666666666666666,0.3333333333333333,-0.16666666666666666,0.8333333333333334,0.5555555555555557,1.0,0.5,0.6666666666666666,1,0,4,1,0.0,0.5,0.0,1.0,3308.8333333333335,1466.5,9614.75,0.018415
claude_opus_4_7,minimal,17,1.0,1.0,0.0,1.0,1.0,1.0,1.0,1.0,11,0,0,0,0.0,0.0,0.0,1.0,2536.181818181818,1990.0,6481.5,0.038020000000000005
claude_opus_4_7,minimal,18,0.8461538461538461,0.8461538461538461,0.0,1.0,1.0,1.0,1.0,1.0,11,0,2,0,0.0,0.0,0.0,1.0,3053.153846153846,2047.0,7841.3999999999905,0.045405
claude_opus_4_7,minimal,19,0.6,0.4,0.19999999999999996,0.8,0.6000000000000001,0.6666666666666666,1.0,0.8,2,1,2,0,0.3333333333333333,0.0,0.0,1.0,2000.4,1525.0,3358.9999999999995,0.018635
claude_opus_4_7,minimal,20,1.0,1.0,0.0,1.0,1.0,1.0,1.0,1.0,6,0,0,0,0.0,0.0,0.0,1.0,1323.8333333333333,1236.5,1671.75,0.019220000000000004
claude_opus_4_7,minimal,21,0.8333333333333334,0.8333333333333334,0.0,1.0,1.0,1.0,1.0,1.0,10,0,2,0,0.0,0.0,0.0,1.0,2755.5,1610.0,7087.65,0.045475
claude_opus_4_7,minimal,22,0.8,0.8,0.0,1.0,1.0,1.0,1.0,1.0,8,0,2,0,0.0,0.0,0.0,1.0,2572.8,1437.0,6969.549999999992,0.03985
claude_opus_4_7,minimal,23,0.8666666666666667,0.9333333333333333,-0.06666666666666665,0.9333333333333333,0.6296296296296295,1.0,0.9285714285714286,0.962962962962963,13,0,1,1,0.0,0.07142857142857142,0.0,1.0,2374.6,1572.0,5432.799999999994,0.053055000000000005
claude_opus_4_7,minimal,24,0.625,0.625,0.0,1.0,1.0,1.0,1.0,1.0,5,0,3,0,0.0,0.0,0.0,1.0,1619.625,1559.5,2126.6499999999996,0.030005000000000004
claude_opus_4_7,minimal,25,0.8,0.8,0.0,1.0,1.0,1.0,1.0,1.0,4,0,1,0,0.0,0.0,0.0,1.0,4563.0,4696.0,7729.4,0.020555
claude_opus_4_7,minimal,26,1.0,1.0,0.0,1.0,1.0,1.0,1.0,1.0,4,0,0,0,0.0,0.0,0.0,1.0,2736.75,1725.0,5636.449999999999,0.015609999999999999
claude_opus_4_7,minimal,27,1.0,1.0,0.0,1.0,1.0,1.0,1.0,1.0,11,0,0,0,0.0,0.0,0.0,1.0,2947.2727272727275,2050.0,8161.0,0.046720000000000005
claude_opus_4_7,minimal,28,0.9285714285714286,0.9285714285714286,0.0,1.0,1.0,1.0,1.0,1.0,13,0,1,0,0.0,0.0,0.0,1.0,3050.3571428571427,1537.0,9083.249999999998,0.061064999999999994
claude_opus_4_7,minimal,29,1.0,1.0,0.0,1.0,1.0,1.0,1.0,1.0,3,0,0,0,0.0,0.0,0.0,1.0,1465.6666666666667,1454.0,1707.8,0.012975
claude_opus_4_7,minimal,30,1.0,1.0,0.0,1.0,1.0,1.0,1.0,1.0,5,0,0,0,0.0,0.0,0.0,1.0,2315.6,1783.0,3900.3999999999996,0.024185
claude_opus_4_7,minimal,31,1.0,1.0,0.0,1.0,1.0,1.0,1.0,1.0,7,0,0,0,0.0,0.0,0.0,1.0,3724.0,2533.0,9555.399999999994,0.03033
claude_opus_4_7,minimal,32,1.0,1.0,0.0,1.0,1.0,1.0,1.0,1.0,2,0,0,0,0.0,0.0,0.0,1.0,1877.0,1877.0,2354.9,0.0042699999999999995
claude_opus_4_7,minimal,33,1.0,1.0,0.0,1.0,1.0,1.0,1.0,1.0,2,0,0,0,0.0,0.0,0.0,1.0,1674.0,1674.0,1778.4,0.0073149999999999995
claude_opus_4_7,minimal,35,1.0,1.0,0.0,1.0,1.0,1.0,1.0,1.0,4,0,0,0,0.0,0.0,0.0,1.0,3041.0,2222.5,5659.199999999999,0.022879999999999998
claude_opus_4_7,minimal,36,1.0,1.0,0.0,1.0,1.0,1.0,1.0,1.0,2,0,0,0,0.0,0.0,0.0,1.0,1306.5,1306.5,1366.35,0.010105
claude_opus_4_7,minimal,37,1.0,1.0,0.0,1.0,1.0,1.0,1.0,1.0,6,0,0,0,0.0,0.0,0.0,1.0,2617.6666666666665,1765.5,5663.5,0.032415
claude_opus_4_7,minimal,38,1.0,1.0,0.0,1.0,1.0,1.0,1.0,1.0,2,0,0,0,0.0,0.0,0.0,1.0,6877.5,6877.5,11757.75,0.010575000000000001
claude_opus_4_7,minimal,39,1.0,1.0,0.0,1.0,1.0,1.0,1.0,1.0,1,0,0,0,0.0,0.0,0.0,1.0,3298.0,3298.0,3298.0,0.00475
claude_opus_4_7,minimal,41,1.0,1.0,0.0,1.0,1.0,1.0,1.0,1.0,3,0,0,0,0.0,0.0,0.0,1.0,1310.3333333333333,1279.0,1391.5,0.01648
claude_opus_4_7,minimal,43,1.0,1.0,0.0,1.0,1.0,1.0,1.0,1.0,2,0,0,0,0.0,0.0,0.0,1.0,1717.0,1717.0,2073.4,0.0121
claude_opus_4_7,minimal,44,1.0,1.0,0.0,1.0,1.0,1.0,1.0,1.0,2,0,0,0,0.0,0.0,0.0,1.0,3096.5,3096.5,4651.25,0.006914999999999999
claude_opus_4_7,minimal,45,1.0,1.0,0.0,1.0,1.0,1.0,1.0,1.0,2,0,0,0,0.0,0.0,0.0,1.0,1148.0,1148.0,1210.1,0.009604999999999999
claude_opus_4_7,minimal,46,1.0,1.0,0.0,1.0,1.0,1.0,1.0,1.0,3,0,0,0,0.0,0.0,0.0,1.0,1712.3333333333333,1645.0,1951.8999999999999,0.01681
claude_opus_4_7,minimal,47,1.0,1.0,0.0,1.0,1.0,1.0,1.0,1.0,1,0,0,0,0.0,0.0,0.0,1.0,1186.0,1186.0,1186.0,0.00694
claude_opus_4_7,minimal,48,1.0,1.0,0.0,1.0,1.0,1.0,1.0,1.0,1,0,0,0,0.0,0.0,0.0,1.0,1743.0,1743.0,1743.0,0.0078049999999999994
claude_opus_4_7,minimal,49,1.0,1.0,0.0,1.0,1.0,1.0,1.0,1.0,5,0,0,0,0.0,0.0,0.0,1.0,7537.2,6477.0,13314.199999999999,0.023985
claude_opus_4_7,minimal,50,1.0,1.0,0.0,1.0,1.0,1.0,1.0,1.0,1,0,0,0,0.0,0.0,0.0,1.0,1960.0,1960.0,1960.0,0.00633
claude_opus_4_7,minimal,51,1.0,1.0,0.0,1.0,1.0,1.0,1.0,1.0,1,0,0,0,0.0,0.0,0.0,1.0,1315.0,1315.0,1315.0,0.006335
claude_opus_4_7,minimal,52,1.0,1.0,0.0,1.0,1.0,1.0,1.0,1.0,4,0,0,0,0.0,0.0,0.0,1.0,1716.75,1714.0,2276.15,0.023780000000000003
claude_opus_4_7,minimal,54,0.6666666666666666,0.6666666666666666,0.0,1.0,1.0,1.0,1.0,1.0,2,0,1,0,0.0,0.0,0.0,1.0,1912.0,1949.0,2017.4,0.017750000000000002
claude_opus_4_7,minimal,55,1.0,1.0,0.0,1.0,1.0,1.0,1.0,1.0,2,0,0,0,0.0,0.0,0.0,1.0,1366.5,1366.5,1577.55,0.011325
claude_opus_4_7,minimal,56,1.0,1.0,0.0,1.0,1.0,1.0,1.0,1.0,2,0,0,0,0.0,0.0,0.0,1.0,1468.0,1468.0,1600.3,0.012975
claude_opus_4_7,minimal,63,1.0,1.0,0.0,1.0,1.0,1.0,1.0,1.0,1,0,0,0,0.0,0.0,0.0,1.0,1625.0,1625.0,1625.0,0.00593
claude_opus_4_7,minimal,64,1.0,1.0,0.0,1.0,1.0,1.0,1.0,1.0,2,0,0,0,0.0,0.0,0.0,1.0,1870.0,1870.0,2421.7,0.0142
claude_opus_4_7,minimal,65,1.0,1.0,0.0,1.0,1.0,1.0,1.0,1.0,1,0,0,0,0.0,0.0,0.0,1.0,1719.0,1719.0,1719.0,0.007000000000000001
claude_opus_4_7,minimal,94,1.0,1.0,0.0,1.0,1.0,1.0,1.0,1.0,2,0,0,0,0.0,0.0,0.0,1.0,2352.0,2352.0,2696.7,0.01631
claude_opus_4_7,minimal,99,1.0,1.0,0.0,1.0,1.0,1.0,1.0,1.0,1,0,0,0,0.0,0.0,0.0,1.0,4712.0,4712.0,4712.0,0.01062
claude_opus_4_7,minimal,185,0.0,0.0,0.0,1.0,1.0,0.0,0.0,0.0,0,0,1,0,0.0,0.0,0.0,1.0,1735.0,1735.0,1735.0,0.014819999999999998
claude_sonnet_4_6,minimal,1,0.6728971962616822,0.6752336448598131,-0.002336448598130869,0.9369158878504673,0.8564320456197239,0.9548611111111112,0.9515570934256056,0.9532062391681109,275,13,126,14,0.09352517985611511,0.04844290657439446,0.0,1.0,2551.016355140187,2321.5,4398.55,0.497328
claude_sonnet_4_6,minimal,2,0.7714285714285715,0.8,-0.02857142857142858,0.9333333333333333,0.8020202020202021,0.9753086419753086,0.9404761904761905,0.9575757575757574,158,4,38,10,0.09523809523809523,0.05952380952380952,0.0,1.0,2695.385714285714,2476.5,4668.849999999999,0.242355
claude_sonnet_4_6,minimal,3,0.7916666666666666,0.8020833333333334,-0.01041666666666674,0.9895833333333334,0.9678230266465562,1.0,0.987012987012987,0.9934640522875817,76,0,19,1,0.0,0.012987012987012988,0.0,1.0,2627.4166666666665,2244.5,4963.5,0.11441999999999998
claude_sonnet_4_6,minimal,4,0.8571428571428571,0.8571428571428571,0.0,0.9183673469387755,0.6666666666666669,0.9523809523809523,0.9523809523809523,0.9523809523809523,40,2,5,2,0.2857142857142857,0.047619047619047616,0.0,1.0,2646.8979591836733,2344.0,4462.999999999999,0.062112
claude_sonnet_4_6,minimal,5,0.72,0.76,-0.040000000000000036,0.96,0.8960498960498959,1.0,0.9473684210526315,0.972972972972973,18,0,6,1,0.0,0.05263157894736842,0.0,1.0,2534.2,2430.0,3719.599999999999,0.032784
claude_sonnet_4_6,minimal,6,0.8181818181818182,0.8181818181818182,0.0,0.9393939393939394,0.7962962962962964,0.9629629629629629,0.9629629629629629,0.9629629629629629,26,1,5,1,0.16666666666666666,0.037037037037037035,0.0,1.0,2487.909090909091,2239.0,4372.399999999996,0.042168
claude_sonnet_4_6,minimal,7,0.9310344827586207,0.896551724137931,0.03448275862068961,0.9655172413793104,0.7811320754716982,0.9629629629629629,1.0,0.9811320754716981,26,1,2,0,0.3333333333333333,0.0,0.0,1.0,2539.344827586207,2436.0,3430.6,0.033222
claude_sonnet_4_6,minimal,8,0.8387096774193549,0.9032258064516129,-0.06451612903225801,0.9354838709677419,0.7129629629629628,1.0,0.9285714285714286,0.962962962962963,26,0,3,2,0.0,0.07142857142857142,0.0,1.0,2757.2580645161293,2720.0,3888.0,0.039522
claude_sonnet_4_6,minimal,9,0.85,0.85,0.0,1.0,1.0,1.0,1.0,1.0,17,0,3,0,0.0,0.0,0.0,1.0,2650.95,2336.0,3758.700000000001,0.027852000000000002
claude_sonnet_4_6,minimal,10,0.9,0.9,0.0,1.0,1.0,1.0,1.0,1.0,18,0,2,0,0.0,0.0,0.0,1.0,2731.7,2351.5,5774.65,0.030777
claude_sonnet_4_6,minimal,11,1.0,1.0,0.0,1.0,1.0,1.0,1.0,1.0,11,0,0,0,0.0,0.0,0.0,1.0,2158.181818181818,2229.0,3099.0,0.014454000000000002
claude_sonnet_4_6,minimal,12,1.0,1.0,0.0,1.0,1.0,1.0,1.0,1.0,13,0,0,0,0.0,0.0,0.0,1.0,2150.6153846153848,2113.0,3163.5999999999995,0.016116000000000002
claude_sonnet_4_6,minimal,13,0.9285714285714286,0.9285714285714286,0.0,1.0,1.0,1.0,1.0,1.0,13,0,1,0,0.0,0.0,0.0,1.0,2485.5,2185.5,3840.5499999999997,0.015708
claude_sonnet_4_6,minimal,14,0.8666666666666667,0.8666666666666667,0.0,1.0,1.0,1.0,1.0,1.0,13,0,2,0,0.0,0.0,0.0,1.0,2759.3333333333335,2359.0,5271.7,0.022818000000000005
claude_sonnet_4_6,minimal,15,0.9166666666666666,1.0,-0.08333333333333337,0.9166666666666666,-0.043478260869567936,1.0,0.9166666666666666,0.9565217391304348,11,0,0,1,0.0,0.08333333333333333,0.0,1.0,2768.1666666666665,2514.5,4751.349999999998,0.020499000000000003
claude_sonnet_4_6,minimal,16,0.16666666666666666,0.3333333333333333,-0.16666666666666666,0.8333333333333334,0.5555555555555557,1.0,0.5,0.6666666666666666,1,0,4,1,0.0,0.5,0.0,1.0,2702.1666666666665,2350.5,4099.75,0.009999
claude_sonnet_4_6,minimal,17,1.0,1.0,0.0,1.0,1.0,1.0,1.0,1.0,11,0,0,0,0.0,0.0,0.0,1.0,2337.181818181818,2203.0,3326.5,0.017139
claude_sonnet_4_6,minimal,18,0.8461538461538461,0.8461538461538461,0.0,1.0,1.0,1.0,1.0,1.0,11,0,2,0,0.0,0.0,0.0,1.0,2940.4615384615386,2914.0,4376.199999999998,0.019487999999999995
claude_sonnet_4_6,minimal,19,0.6,0.4,0.19999999999999996,0.8,0.6000000000000001,0.6666666666666666,1.0,0.8,2,1,2,0,0.3333333333333333,0.0,0.0,1.0,2332.2,2070.0,3283.7999999999997,0.008688000000000001
claude_sonnet_4_6,minimal,20,1.0,1.0,0.0,1.0,1.0,1.0,1.0,1.0,6,0,0,0,0.0,0.0,0.0,1.0,3259.0,2867.5,6212.5,0.010551000000000001
claude_sonnet_4_6,minimal,21,0.8333333333333334,0.8333333333333334,0.0,1.0,1.0,1.0,1.0,1.0,10,0,2,0,0.0,0.0,0.0,1.0,3008.0,2848.0,5006.5999999999985,0.024468
claude_sonnet_4_6,minimal,22,0.8,0.8,0.0,1.0,1.0,1.0,1.0,1.0,8,0,2,0,0.0,0.0,0.0,1.0,2284.9,2269.0,3331.6499999999996,0.018137999999999994
claude_sonnet_4_6,minimal,23,0.8666666666666667,0.9333333333333333,-0.06666666666666665,0.9333333333333333,0.6296296296296295,1.0,0.9285714285714286,0.962962962962963,13,0,1,1,0.0,0.07142857142857142,0.0,1.0,2887.3333333333335,2434.0,4655.699999999999,0.026799000000000003
claude_sonnet_4_6,minimal,24,0.625,0.625,0.0,1.0,1.0,1.0,1.0,1.0,5,0,3,0,0.0,0.0,0.0,1.0,2826.75,2672.0,4342.599999999999,0.014868000000000001
claude_sonnet_4_6,minimal,25,0.8,0.8,0.0,1.0,1.0,1.0,1.0,1.0,4,0,1,0,0.0,0.0,0.0,1.0,2638.4,2516.0,3476.6,0.008487000000000001
claude_sonnet_4_6,minimal,26,1.0,1.0,0.0,1.0,1.0,1.0,1.0,1.0,4,0,0,0,0.0,0.0,0.0,1.0,2446.5,2075.5,3564.0999999999995,0.0062640000000000005
claude_sonnet_4_6,minimal,27,1.0,1.0,0.0,1.0,1.0,1.0,1.0,1.0,11,0,0,0,0.0,0.0,0.0,1.0,2720.4545454545455,2497.0,4681.0,0.020856
claude_sonnet_4_6,minimal,28,0.9285714285714286,0.9285714285714286,0.0,1.0,1.0,1.0,1.0,1.0,13,0,1,0,0.0,0.0,0.0,1.0,2111.8571428571427,2156.5,2932.25,0.026171999999999997
claude_sonnet_4_6,minimal,29,1.0,1.0,0.0,1.0,1.0,1.0,1.0,1.0,3,0,0,0,0.0,0.0,0.0,1.0,2288.6666666666665,2660.0,2880.5,0.00531
claude_sonnet_4_6,minimal,30,1.0,1.0,0.0,1.0,1.0,1.0,1.0,1.0,5,0,0,0,0.0,0.0,0.0,1.0,2710.4,2054.0,5269.199999999999,0.009857999999999999
claude_sonnet_4_6,minimal,31,1.0,1.0,0.0,1.0,1.0,1.0,1.0,1.0,7,0,0,0,0.0,0.0,0.0,1.0,2842.1428571428573,2446.0,4114.599999999999,0.013682999999999999
claude_sonnet_4_6,minimal,32,1.0,1.0,0.0,1.0,1.0,1.0,1.0,1.0,2,0,0,0,0.0,0.0,0.0,1.0,2774.5,2774.5,3502.15,0.002136
claude_sonnet_4_6,minimal,33,1.0,1.0,0.0,1.0,1.0,1.0,1.0,1.0,2,0,0,0,0.0,0.0,0.0,1.0,1673.0,1673.0,1718.9,0.0031349999999999998
claude_sonnet_4_6,minimal,35,1.0,1.0,0.0,1.0,1.0,1.0,1.0,1.0,4,0,0,0,0.0,0.0,0.0,1.0,3321.75,3222.5,3921.5499999999997,0.010323
claude_sonnet_4_6,minimal,36,1.0,1.0,0.0,1.0,1.0,1.0,1.0,1.0,2,0,0,0,0.0,0.0,0.0,1.0,1428.0,1428.0,1572.0,0.003966
claude_sonnet_4_6,minimal,37,1.0,1.0,0.0,1.0,1.0,1.0,1.0,1.0,6,0,0,0,0.0,0.0,0.0,1.0,2911.5,2959.5,4279.25,0.013895999999999999
claude_sonnet_4_6,minimal,38,1.0,1.0,0.0,1.0,1.0,1.0,1.0,1.0,2,0,0,0,0.0,0.0,0.0,1.0,2306.0,2306.0,2394.2,0.004887000000000001
claude_sonnet_4_6,minimal,39,1.0,1.0,0.0,1.0,1.0,1.0,1.0,1.0,1,0,0,0,0.0,0.0,0.0,1.0,2647.0,2647.0,2647.0,0.00198
claude_sonnet_4_6,minimal,41,1.0,1.0,0.0,1.0,1.0,1.0,1.0,1.0,3,0,0,0,0.0,0.0,0.0,1.0,2666.6666666666665,2660.0,3363.7999999999997,0.006599999999999999
claude_sonnet_4_6,minimal,43,1.0,1.0,0.0,1.0,1.0,1.0,1.0,1.0,2,0,0,0,0.0,0.0,0.0,1.0,2874.0,2874.0,3621.0,0.004521000000000001
claude_sonnet_4_6,minimal,44,1.0,1.0,0.0,1.0,1.0,1.0,1.0,1.0,2,0,0,0,0.0,0.0,0.0,1.0,2016.0,2016.0,2345.4,0.002892
claude_sonnet_4_6,minimal,45,1.0,1.0,0.0,1.0,1.0,1.0,1.0,1.0,2,0,0,0,0.0,0.0,0.0,1.0,2096.5,2096.5,2117.65,0.004809
claude_sonnet_4_6,minimal,46,1.0,1.0,0.0,1.0,1.0,1.0,1.0,1.0,3,0,0,0,0.0,0.0,0.0,1.0,3307.6666666666665,3726.0,3750.3,0.007283999999999999
claude_sonnet_4_6,minimal,47,1.0,1.0,0.0,1.0,1.0,1.0,1.0,1.0,1,0,0,0,0.0,0.0,0.0,1.0,2823.0,2823.0,2823.0,0.002859
claude_sonnet_4_6,minimal,48,1.0,1.0,0.0,1.0,1.0,1.0,1.0,1.0,1,0,0,0,0.0,0.0,0.0,1.0,3750.0,3750.0,3750.0,0.004118999999999999
claude_sonnet_4_6,minimal,49,1.0,1.0,0.0,1.0,1.0,1.0,1.0,1.0,5,0,0,0,0.0,0.0,0.0,1.0,3002.6,2613.0,4605.4,0.009777
claude_sonnet_4_6,minimal,50,1.0,1.0,0.0,1.0,1.0,1.0,1.0,1.0,1,0,0,0,0.0,0.0,0.0,1.0,1159.0,1159.0,1159.0,0.002352
claude_sonnet_4_6,minimal,51,1.0,1.0,0.0,1.0,1.0,1.0,1.0,1.0,1,0,0,0,0.0,0.0,0.0,1.0,1373.0,1373.0,1373.0,0.0029490000000000002
claude_sonnet_4_6,minimal,52,1.0,1.0,0.0,1.0,1.0,1.0,1.0,1.0,4,0,0,0,0.0,0.0,0.0,1.0,1974.0,2018.5,2210.2,0.010152
claude_sonnet_4_6,minimal,54,0.6666666666666666,0.6666666666666666,0.0,1.0,1.0,1.0,1.0,1.0,2,0,1,0,0.0,0.0,0.0,1.0,2416.0,2005.0,3735.7,0.007998
claude_sonnet_4_6,minimal,55,1.0,1.0,0.0,1.0,1.0,1.0,1.0,1.0,2,0,0,0,0.0,0.0,0.0,1.0,2838.5,2838.5,3671.45,0.0050100000000000006
claude_sonnet_4_6,minimal,56,1.0,1.0,0.0,1.0,1.0,1.0,1.0,1.0,2,0,0,0,0.0,0.0,0.0,1.0,1778.5,1778.5,1822.15,0.005150999999999999
claude_sonnet_4_6,minimal,63,1.0,1.0,0.0,1.0,1.0,1.0,1.0,1.0,1,0,0,0,0.0,0.0,0.0,1.0,2249.0,2249.0,2249.0,0.0028079999999999997
claude_sonnet_4_6,minimal,64,1.0,1.0,0.0,1.0,1.0,1.0,1.0,1.0,2,0,0,0,0.0,0.0,0.0,1.0,2508.0,2508.0,2650.2,0.006482999999999999
claude_sonnet_4_6,minimal,65,1.0,1.0,0.0,1.0,1.0,1.0,1.0,1.0,1,0,0,0,0.0,0.0,0.0,1.0,2796.0,2796.0,2796.0,0.004248
claude_sonnet_4_6,minimal,94,1.0,1.0,0.0,1.0,1.0,1.0,1.0,1.0,2,0,0,0,0.0,0.0,0.0,1.0,2013.5,2013.5,2099.45,0.007803000000000001
claude_sonnet_4_6,minimal,99,1.0,1.0,0.0,1.0,1.0,1.0,1.0,1.0,1,0,0,0,0.0,0.0,0.0,1.0,2006.0,2006.0,2006.0,0.004815
claude_sonnet_4_6,minimal,185,0.0,0.0,0.0,1.0,1.0,0.0,0.0,0.0,0,0,1,0,0.0,0.0,0.0,1.0,1904.0,1904.0,1904.0,0.007505999999999999
deepseek_v4_flash,minimal,1,0.6565420560747663,0.6752336448598131,-0.01869158878504673,0.9112149532710281,0.8004662004662005,0.9466192170818505,0.9204152249134948,0.9333333333333332,266,15,124,23,0.1079136690647482,0.07958477508650519,0.0,1.0,5955.873831775701,3347.5,20565.899999999994,0.02120482
deepseek_v4_flash,minimal,2,0.7476190476190476,0.8,-0.05238095238095242,0.8904761904761904,0.6871255060728743,0.9617834394904459,0.8988095238095238,0.9292307692307693,151,6,36,17,0.14285714285714285,0.10119047619047619,0.0,1.0,6247.590476190476,3570.0,22847.249999999945,0.010812200000000001
deepseek_v4_flash,minimal,3,0.7291666666666666,0.8020833333333334,-0.07291666666666674,0.8645833333333334,0.6226757369614514,0.9571428571428572,0.8701298701298701,0.9115646258503401,67,3,16,10,0.15789473684210525,0.12987012987012986,0.0,1.0,5815.979166666667,3193.5,16848.0,0.00496874
deepseek_v4_flash,minimal,4,0.7551020408163265,0.8571428571428571,-0.10204081632653061,0.8571428571428571,0.5429713524317119,0.972972972972973,0.8571428571428571,0.9113924050632912,36,1,6,6,0.14285714285714285,0.14285714285714285,0.0,1.0,5953.244897959184,3422.0,22014.6,0.00287154
deepseek_v4_flash,minimal,5,0.68,0.76,-0.07999999999999996,0.92,0.8015873015873017,1.0,0.8947368421052632,0.9444444444444444,17,0,6,2,0.0,0.10526315789473684,0.0,1.0,5148.88,3032.0,12940.4,0.0013872600000000002
deepseek_v4_flash,minimal,6,0.8181818181818182,0.8181818181818182,0.0,1.0,1.0,1.0,1.0,1.0,27,0,6,0,0.0,0.0,0.0,1.0,7093.484848484848,2884.0,20315.599999999995,0.0019143600000000002
deepseek_v4_flash,minimal,7,0.8275862068965517,0.896551724137931,-0.06896551724137934,0.9310344827586207,0.7100000000000001,1.0,0.9230769230769231,0.9600000000000001,24,0,3,2,0.0,0.07692307692307693,0.0,1.0,5181.103448275862,3483.0,16125.199999999983,0.00159684
deepseek_v4_flash,minimal,8,0.8387096774193549,0.9032258064516129,-0.06451612903225801,0.8709677419354839,0.42592592592592615,0.9615384615384616,0.8928571428571429,0.9259259259259259,25,1,2,3,0.3333333333333333,0.10714285714285714,0.0,1.0,6481.870967741936,3476.0,19339.5,0.0017593800000000003
deepseek_v4_flash,minimal,9,0.8,0.85,-0.04999999999999993,0.95,0.8268398268398267,1.0,0.9411764705882353,0.9696969696969697,16,0,3,1,0.0,0.058823529411764705,0.0,1.0,7221.8,5303.0,19398.750000000004,0.0016333800000000002
deepseek_v4_flash,minimal,10,0.75,0.9,-0.15000000000000002,0.85,0.48051948051948057,1.0,0.8333333333333334,0.9090909090909091,15,0,2,3,0.0,0.16666666666666666,0.0,1.0,10389.3,5431.5,37011.20000000001,0.0016434600000000002
deepseek_v4_flash,minimal,11,0.9090909090909091,1.0,-0.09090909090909094,0.9090909090909091,-0.047619047619050114,1.0,0.9090909090909091,0.9523809523809523,10,0,0,1,0.0,0.09090909090909091,0.0,1.0,10798.454545454546,3658.0,34574.0,0.00059304
deepseek_v4_flash,minimal,12,1.0,1.0,0.0,1.0,1.0,1.0,1.0,1.0,13,0,0,0,0.0,0.0,0.0,1.0,3415.5384615384614,2827.0,7776.399999999999,0.0006069000000000001
deepseek_v4_flash,minimal,13,0.8571428571428571,0.9285714285714286,-0.07142857142857151,0.9285714285714286,0.6266666666666668,1.0,0.9230769230769231,0.9600000000000001,12,0,1,1,0.0,0.07692307692307693,0.0,1.0,6116.357142857143,2721.0,20033.149999999994,0.0007138600000000001
deepseek_v4_flash,minimal,14,0.8,0.8666666666666667,-0.06666666666666665,0.9333333333333333,0.76,1.0,0.9230769230769231,0.9600000000000001,12,0,2,1,0.0,0.07692307692307693,0.0,1.0,4916.133333333333,3116.0,14196.499999999989,0.0007854000000000001
deepseek_v4_flash,minimal,15,0.9166666666666666,1.0,-0.08333333333333337,0.9166666666666666,-0.043478260869567936,1.0,0.9166666666666666,0.9565217391304348,11,0,0,1,0.0,0.08333333333333333,0.0,1.0,11222.0,9273.0,28256.14999999999,0.0010171000000000002
deepseek_v4_flash,minimal,16,0.16666666666666666,0.3333333333333333,-0.16666666666666666,0.8333333333333334,0.5555555555555557,1.0,0.5,0.6666666666666666,1,0,4,1,0.0,0.5,0.0,1.0,3836.8333333333335,2326.5,9888.0,0.00035714000000000004
deepseek_v4_flash,minimal,17,1.0,1.0,0.0,1.0,1.0,1.0,1.0,1.0,11,0,0,0,0.0,0.0,0.0,1.0,3485.6363636363635,2150.0,9745.0,0.00073472
deepseek_v4_flash,minimal,18,0.8461538461538461,0.8461538461538461,0.0,1.0,1.0,1.0,1.0,1.0,11,0,2,0,0.0,0.0,0.0,1.0,7000.615384615385,2958.0,23137.99999999997,0.00104468
deepseek_v4_flash,minimal,19,0.4,0.4,0.0,1.0,1.0,1.0,1.0,1.0,2,0,3,0,0.0,0.0,0.0,1.0,5098.2,4089.0,11226.999999999998,0.00045822000000000007
deepseek_v4_flash,minimal,20,1.0,1.0,0.0,1.0,1.0,1.0,1.0,1.0,6,0,0,0,0.0,0.0,0.0,1.0,3118.5,3193.0,4884.5,0.00036148
deepseek_v4_flash,minimal,21,0.8333333333333334,0.8333333333333334,0.0,1.0,1.0,1.0,1.0,1.0,10,0,2,0,0.0,0.0,0.0,1.0,5471.833333333333,2524.5,19129.149999999987,0.0008453200000000001
deepseek_v4_flash,minimal,22,0.8,0.8,0.0,1.0,1.0,1.0,1.0,1.0,8,0,2,0,0.0,0.0,0.0,1.0,3351.5,2460.0,7582.65,0.0009072
deepseek_v4_flash,minimal,23,0.8666666666666667,0.9333333333333333,-0.06666666666666665,0.9333333333333333,0.6296296296296295,1.0,0.9285714285714286,0.962962962962963,13,0,1,1,0.0,0.07142857142857142,0.0,1.0,6646.666666666667,2963.0,23307.69999999996,0.00120652
deepseek_v4_flash,minimal,24,0.625,0.625,0.0,1.0,1.0,1.0,1.0,1.0,5,0,3,0,0.0,0.0,0.0,1.0,6038.25,4315.0,15323.049999999994,0.0006024200000000001
deepseek_v4_flash,minimal,25,0.8,0.8,0.0,1.0,1.0,1.0,1.0,1.0,4,0,1,0,0.0,0.0,0.0,1.0,8363.4,3229.0,20826.399999999998,0.00035700000000000006
deepseek_v4_flash,minimal,26,1.0,1.0,0.0,1.0,1.0,1.0,1.0,1.0,4,0,0,0,0.0,0.0,0.0,1.0,1454.25,1385.5,1894.1999999999998,0.00025844
deepseek_v4_flash,minimal,27,1.0,1.0,0.0,1.0,1.0,1.0,1.0,1.0,11,0,0,0,0.0,0.0,0.0,1.0,7300.0,6529.0,18378.5,0.0009580200000000001
deepseek_v4_flash,minimal,28,0.9285714285714286,0.9285714285714286,0.0,1.0,1.0,1.0,1.0,1.0,13,0,1,0,0.0,0.0,0.0,1.0,2889.4285714285716,2465.0,6617.599999999999,0.0010641400000000003
deepseek_v4_flash,minimal,29,1.0,1.0,0.0,1.0,1.0,1.0,1.0,1.0,3,0,0,0,0.0,0.0,0.0,1.0,2528.6666666666665,2449.0,2765.8,0.00024752000000000004
deepseek_v4_flash,minimal,30,1.0,1.0,0.0,1.0,1.0,1.0,1.0,1.0,5,0,0,0,0.0,0.0,0.0,1.0,2331.6,2637.0,3119.4,0.00040656
deepseek_v4_flash,minimal,31,1.0,1.0,0.0,1.0,1.0,1.0,1.0,1.0,7,0,0,0,0.0,0.0,0.0,1.0,4039.1428571428573,2440.0,11389.49999999999,0.0005832400000000001
deepseek_v4_flash,minimal,32,1.0,1.0,0.0,1.0,1.0,1.0,1.0,1.0,2,0,0,0,0.0,0.0,0.0,1.0,1350.0,1350.0,1374.3,6.258000000000001e-05
deepseek_v4_flash,minimal,33,1.0,1.0,0.0,1.0,1.0,1.0,1.0,1.0,2,0,0,0,0.0,0.0,0.0,1.0,2513.0,2513.0,2805.5,0.00015932
deepseek_v4_flash,minimal,35,1.0,1.0,0.0,1.0,1.0,1.0,1.0,1.0,4,0,0,0,0.0,0.0,0.0,1.0,3100.0,2235.5,5517.699999999999,0.00043190000000000004
deepseek_v4_flash,minimal,36,1.0,1.0,0.0,1.0,1.0,1.0,1.0,1.0,2,0,0,0,0.0,0.0,0.0,1.0,2892.5,2892.5,3076.55,0.00016982000000000002
deepseek_v4_flash,minimal,37,1.0,1.0,0.0,1.0,1.0,1.0,1.0,1.0,6,0,0,0,0.0,0.0,0.0,1.0,4645.0,4147.0,9307.5,0.0005878600000000002
deepseek_v4_flash,minimal,38,1.0,1.0,0.0,1.0,1.0,1.0,1.0,1.0,2,0,0,0,0.0,0.0,0.0,1.0,8184.0,8184.0,12221.4,0.00019614000000000003
deepseek_v4_flash,minimal,39,1.0,1.0,0.0,1.0,1.0,1.0,1.0,1.0,1,0,0,0,0.0,0.0,0.0,1.0,7872.0,7872.0,7872.0,7.91e-05
deepseek_v4_flash,minimal,41,1.0,1.0,0.0,1.0,1.0,1.0,1.0,1.0,3,0,0,0,0.0,0.0,0.0,1.0,1627.0,1517.0,1930.1,0.00024486000000000006
deepseek_v4_flash,minimal,43,1.0,1.0,0.0,1.0,1.0,1.0,1.0,1.0,2,0,0,0,0.0,0.0,0.0,1.0,3799.5,3799.5,6085.05,0.00017878000000000002
deepseek_v4_flash,minimal,44,1.0,1.0,0.0,1.0,1.0,1.0,1.0,1.0,2,0,0,0,0.0,0.0,0.0,1.0,4475.5,4475.5,4499.35,0.00013398000000000001
deepseek_v4_flash,minimal,45,1.0,1.0,0.0,1.0,1.0,1.0,1.0,1.0,2,0,0,0,0.0,0.0,0.0,1.0,3991.5,3991.5,6708.15,0.00017010000000000001
deepseek_v4_flash,minimal,46,1.0,1.0,0.0,1.0,1.0,1.0,1.0,1.0,3,0,0,0,0.0,0.0,0.0,1.0,3370.3333333333335,1590.0,6499.5,0.0002457
deepseek_v4_flash,minimal,47,1.0,1.0,0.0,1.0,1.0,1.0,1.0,1.0,1,0,0,0,0.0,0.0,0.0,1.0,1768.0,1768.0,1768.0,0.00011060000000000002
deepseek_v4_flash,minimal,48,1.0,1.0,0.0,1.0,1.0,1.0,1.0,1.0,1,0,0,0,0.0,0.0,0.0,1.0,11792.0,11792.0,11792.0,0.00015456
deepseek_v4_flash,minimal,49,1.0,1.0,0.0,1.0,1.0,1.0,1.0,1.0,5,0,0,0,0.0,0.0,0.0,1.0,2730.0,2268.0,4710.599999999999,0.00046144000000000003
deepseek_v4_flash,minimal,50,1.0,1.0,0.0,1.0,1.0,1.0,1.0,1.0,1,0,0,0,0.0,0.0,0.0,1.0,3215.0,3215.0,3215.0,0.00011312000000000001
deepseek_v4_flash,minimal,51,1.0,1.0,0.0,1.0,1.0,1.0,1.0,1.0,1,0,0,0,0.0,0.0,0.0,1.0,2722.0,2722.0,2722.0,0.00011928000000000001
deepseek_v4_flash,minimal,52,1.0,1.0,0.0,1.0,1.0,1.0,1.0,1.0,4,0,0,0,0.0,0.0,0.0,1.0,1912.25,1990.0,2685.9,0.00041622
deepseek_v4_flash,minimal,54,0.6666666666666666,0.6666666666666666,0.0,1.0,1.0,1.0,1.0,1.0,2,0,1,0,0.0,0.0,0.0,1.0,2896.6666666666665,2825.0,3149.0,0.00034804
deepseek_v4_flash,minimal,55,1.0,1.0,0.0,1.0,1.0,1.0,1.0,1.0,2,0,0,0,0.0,0.0,0.0,1.0,2369.5,2369.5,2499.55,0.00022960000000000002
deepseek_v4_flash,minimal,56,1.0,1.0,0.0,1.0,1.0,1.0,1.0,1.0,2,0,0,0,0.0,0.0,0.0,1.0,12372.5,12372.5,17322.95,0.00031024000000000004
deepseek_v4_flash,minimal,63,1.0,1.0,0.0,1.0,1.0,1.0,1.0,1.0,1,0,0,0,0.0,0.0,0.0,1.0,2157.0,2157.0,2157.0,0.00012236000000000001
deepseek_v4_flash,minimal,64,1.0,1.0,0.0,1.0,1.0,1.0,1.0,1.0,2,0,0,0,0.0,0.0,0.0,1.0,3467.5,3467.5,5741.349999999999,0.00025830000000000004
deepseek_v4_flash,minimal,65,1.0,1.0,0.0,1.0,1.0,1.0,1.0,1.0,1,0,0,0,0.0,0.0,0.0,1.0,3338.0,3338.0,3338.0,0.00014322
deepseek_v4_flash,minimal,94,1.0,1.0,0.0,1.0,1.0,1.0,1.0,1.0,2,0,0,0,0.0,0.0,0.0,1.0,1474.0,1474.0,1662.1,0.00031136
deepseek_v4_flash,minimal,99,1.0,1.0,0.0,1.0,1.0,1.0,1.0,1.0,1,0,0,0,0.0,0.0,0.0,1.0,41189.0,41189.0,41189.0,0.00026880000000000003
deepseek_v4_flash,minimal,185,0.0,0.0,0.0,1.0,1.0,0.0,0.0,0.0,0,0,1,0,0.0,0.0,0.0,1.0,3720.0,3720.0,3720.0,0.00031822
deepseek_v4_pro,minimal,1,0.6448598130841121,0.6752336448598131,-0.030373831775700966,0.9369158878504673,0.8594288842258918,0.9746376811594203,0.9307958477508651,0.952212389380531,269,7,132,20,0.050359712230215826,0.06920415224913495,0.0,1.0,8277.66121495327,6600.0,18293.35,0.08521954500000001
deepseek_v4_pro,minimal,2,0.7238095238095238,0.8,-0.07619047619047625,0.8857142857142857,0.6849999999999999,0.9736842105263158,0.8809523809523809,0.925,148,4,38,20,0.09523809523809523,0.11904761904761904,0.0,1.0,9325.295238095237,6858.0,21628.899999999987,0.04569414
deepseek_v4_pro,minimal,3,0.71875,0.8020833333333334,-0.08333333333333337,0.9166666666666666,0.7712924359737938,1.0,0.8961038961038961,0.9452054794520548,69,0,19,8,0.0,0.1038961038961039,0.0,1.0,7771.572916666667,6922.5,17190.5,0.019408395000000002
deepseek_v4_pro,minimal,4,0.8163265306122449,0.8571428571428571,-0.04081632653061218,0.8775510204081632,0.5518292682926826,0.95,0.9047619047619048,0.9268292682926829,38,2,5,4,0.2857142857142857,0.09523809523809523,0.0,1.0,10824.65306122449,8247.0,22904.599999999984,0.012505815000000002
deepseek_v4_pro,minimal,5,0.64,0.76,-0.12,0.88,0.7142857142857143,1.0,0.8421052631578947,0.9142857142857143,16,0,6,3,0.0,0.15789473684210525,0.0,1.0,8276.0,6930.0,15785.599999999997,0.005517975
deepseek_v4_pro,minimal,6,0.8181818181818182,0.8181818181818182,0.0,0.9393939393939394,0.7962962962962964,0.9629629629629629,0.9629629629629629,0.9629629629629629,26,1,5,1,0.16666666666666666,0.037037037037037035,0.0,1.0,8710.636363636364,6989.0,18232.799999999992,0.007913085
deepseek_v4_pro,minimal,7,0.8620689655172413,0.896551724137931,-0.034482758620689724,0.9655172413793104,0.8375350140056024,1.0,0.9615384615384616,0.9803921568627451,25,0,3,1,0.0,0.038461538461538464,0.0,1.0,7325.482758620689,6182.0,14933.799999999996,0.00667899
deepseek_v4_pro,minimal,8,0.8064516129032258,0.9032258064516129,-0.09677419354838712,0.9032258064516129,0.610062893081761,1.0,0.8928571428571429,0.9433962264150945,25,0,3,3,0.0,0.10714285714285714,0.0,1.0,8568.193548387097,6289.0,15792.5,0.007558559999999999
deepseek_v4_pro,minimal,9,0.8,0.85,-0.04999999999999993,0.95,0.8268398268398267,1.0,0.9411764705882353,0.9696969696969697,16,0,3,1,0.0,0.058823529411764705,0.0,1.0,7329.15,7503.0,11425.650000000001,0.005019929
deepseek_v4_pro,minimal,10,0.8,0.9,-0.09999999999999998,0.9,0.6078431372549022,1.0,0.8888888888888888,0.9411764705882353,16,0,2,2,0.0,0.1111111111111111,0.0,1.0,8836.0,7177.5,19277.700000000015,0.005124735
deepseek_v4_pro,minimal,11,1.0,1.0,0.0,1.0,1.0,1.0,1.0,1.0,11,0,0,0,0.0,0.0,0.0,1.0,8424.90909090909,7068.0,18089.0,0.0024507899999999996
deepseek_v4_pro,minimal,12,1.0,1.0,0.0,1.0,1.0,1.0,1.0,1.0,13,0,0,0,0.0,0.0,0.0,1.0,7618.076923076923,7526.0,11116.199999999999,0.0033568950000000004
deepseek_v4_pro,minimal,13,0.8571428571428571,0.9285714285714286,-0.07142857142857151,0.9285714285714286,0.6266666666666668,1.0,0.9230769230769231,0.9600000000000001,12,0,1,1,0.0,0.07692307692307693,0.0,1.0,10100.57142857143,6827.0,30176.299999999996,0.003236835
deepseek_v4_pro,minimal,14,0.8,0.8666666666666667,-0.06666666666666665,0.9333333333333333,0.76,1.0,0.9230769230769231,0.9600000000000001,12,0,2,1,0.0,0.07692307692307693,0.0,1.0,7010.4,6317.0,14479.199999999999,0.0034813049999999996
deepseek_v4_pro,minimal,15,0.9166666666666666,1.0,-0.08333333333333337,0.9166666666666666,-0.043478260869567936,1.0,0.9166666666666666,0.9565217391304348,11,0,0,1,0.0,0.08333333333333333,0.0,1.0,6436.25,6284.0,11674.099999999999,0.002950605
deepseek_v4_pro,minimal,16,0.16666666666666666,0.3333333333333333,-0.16666666666666666,0.8333333333333334,0.5555555555555557,1.0,0.5,0.6666666666666666,1,0,4,1,0.0,0.5,0.0,1.0,9507.166666666666,7814.5,17262.5,0.0014533349999999998
deepseek_v4_pro,minimal,17,1.0,1.0,0.0,1.0,1.0,1.0,1.0,1.0,11,0,0,0,0.0,0.0,0.0,1.0,5729.727272727273,6140.0,7557.5,0.00272136
deepseek_v4_pro,minimal,18,0.8461538461538461,0.8461538461538461,0.0,1.0,1.0,1.0,1.0,1.0,11,0,2,0,0.0,0.0,0.0,1.0,7272.307692307692,7112.0,11272.0,0.00340779
deepseek_v4_pro,minimal,19,0.4,0.4,0.0,1.0,1.0,1.0,1.0,1.0,2,0,3,0,0.0,0.0,0.0,1.0,5134.0,4793.0,9206.8,0.001352415
deepseek_v4_pro,minimal,20,0.8333333333333334,1.0,-0.16666666666666663,0.8333333333333334,-0.09090909090908979,1.0,0.8333333333333334,0.9090909090909091,5,0,0,1,0.0,0.16666666666666666,0.0,1.0,9586.333333333334,9547.0,14832.25,0.0016599599999999998
deepseek_v4_pro,minimal,21,0.8333333333333334,0.8333333333333334,0.0,1.0,1.0,1.0,1.0,1.0,10,0,2,0,0.0,0.0,0.0,1.0,6772.083333333333,5885.5,13360.499999999993,0.0033416699999999997
deepseek_v4_pro,minimal,22,0.8,0.8,0.0,1.0,1.0,1.0,1.0,1.0,8,0,2,0,0.0,0.0,0.0,1.0,7209.7,6600.0,13111.599999999995,0.0028623000000000003
deepseek_v4_pro,minimal,23,0.8,0.9333333333333333,-0.1333333333333333,0.8666666666666667,0.423076923076923,1.0,0.8571428571428571,0.923076923076923,12,0,1,2,0.0,0.14285714285714285,0.0,1.0,8683.8,6885.0,18836.199999999997,0.005218260000000001
deepseek_v4_pro,minimal,24,0.625,0.625,0.0,1.0,1.0,1.0,1.0,1.0,5,0,3,0,0.0,0.0,0.0,1.0,7576.75,7398.0,11592.949999999999,0.002415555
deepseek_v4_pro,minimal,25,0.8,0.8,0.0,1.0,1.0,1.0,1.0,1.0,4,0,1,0,0.0,0.0,0.0,1.0,7889.6,6395.0,13646.8,0.00127107
deepseek_v4_pro,minimal,26,1.0,1.0,0.0,1.0,1.0,1.0,1.0,1.0,4,0,0,0,0.0,0.0,0.0,1.0,5034.0,5077.5,6858.45,0.0010213800000000001
deepseek_v4_pro,minimal,27,1.0,1.0,0.0,1.0,1.0,1.0,1.0,1.0,11,0,0,0,0.0,0.0,0.0,1.0,8612.90909090909,6559.0,15067.5,0.0033316649999999997
deepseek_v4_pro,minimal,28,0.9285714285714286,0.9285714285714286,0.0,1.0,1.0,1.0,1.0,1.0,13,0,1,0,0.0,0.0,0.0,1.0,7098.785714285715,5750.5,14187.749999999993,0.004112055000000001
deepseek_v4_pro,minimal,29,1.0,1.0,0.0,1.0,1.0,1.0,1.0,1.0,3,0,0,0,0.0,0.0,0.0,1.0,3738.6666666666665,2829.0,5941.2,0.0008447699999999999
deepseek_v4_pro,minimal,30,1.0,1.0,0.0,1.0,1.0,1.0,1.0,1.0,5,0,0,0,0.0,0.0,0.0,1.0,7619.2,6903.0,12692.199999999999,0.00153642
deepseek_v4_pro,minimal,31,1.0,1.0,0.0,1.0,1.0,1.0,1.0,1.0,7,0,0,0,0.0,0.0,0.0,1.0,6964.142857142857,6630.0,10959.199999999999,0.00203406
deepseek_v4_pro,minimal,32,1.0,1.0,0.0,1.0,1.0,1.0,1.0,1.0,2,0,0,0,0.0,0.0,0.0,1.0,5576.5,5576.5,7169.95,0.000332775
deepseek_v4_pro,minimal,33,1.0,1.0,0.0,1.0,1.0,1.0,1.0,1.0,2,0,0,0,0.0,0.0,0.0,1.0,5074.0,5074.0,5338.6,0.0005367900000000001
deepseek_v4_pro,minimal,35,1.0,1.0,0.0,1.0,1.0,1.0,1.0,1.0,4,0,0,0,0.0,0.0,0.0,1.0,8054.75,7972.5,12185.349999999999,0.0017674049999999997
deepseek_v4_pro,minimal,36,1.0,1.0,0.0,1.0,1.0,1.0,1.0,1.0,2,0,0,0,0.0,0.0,0.0,1.0,6304.5,6304.5,6733.35,0.000651195
deepseek_v4_pro,minimal,37,1.0,1.0,0.0,1.0,1.0,1.0,1.0,1.0,6,0,0,0,0.0,0.0,0.0,1.0,8059.166666666667,6847.5,14485.0,0.0021145350000000003
deepseek_v4_pro,minimal,38,1.0,1.0,0.0,1.0,1.0,1.0,1.0,1.0,2,0,0,0,0.0,0.0,0.0,1.0,3640.0,3640.0,4735.3,0.000635535
deepseek_v4_pro,minimal,39,1.0,1.0,0.0,1.0,1.0,1.0,1.0,1.0,1,0,0,0,0.0,0.0,0.0,1.0,5128.0,5128.0,5128.0,0.000316245
deepseek_v4_pro,minimal,41,1.0,1.0,0.0,1.0,1.0,1.0,1.0,1.0,3,0,0,0,0.0,0.0,0.0,1.0,12868.0,8346.0,23357.1,0.0009556949999999999
deepseek_v4_pro,minimal,43,0.5,1.0,-0.5,0.5,-0.3333333333333333,1.0,0.5,0.6666666666666666,1,0,0,1,0.0,0.5,0.0,1.0,6005.5,6005.5,9896.65,0.0007155750000000001
deepseek_v4_pro,minimal,44,1.0,1.0,0.0,1.0,1.0,1.0,1.0,1.0,2,0,0,0,0.0,0.0,0.0,1.0,6471.0,6471.0,7335.9,0.000385845
deepseek_v4_pro,minimal,45,1.0,1.0,0.0,1.0,1.0,1.0,1.0,1.0,2,0,0,0,0.0,0.0,0.0,1.0,4990.5,4990.5,5410.35,0.000675555
deepseek_v4_pro,minimal,46,0.6666666666666666,1.0,-0.33333333333333337,0.6666666666666666,-0.20000000000000057,1.0,0.6666666666666666,0.8,2,0,0,1,0.0,0.3333333333333333,0.0,1.0,9273.333333333334,8431.0,15361.0,0.001457685
deepseek_v4_pro,minimal,47,1.0,1.0,0.0,1.0,1.0,1.0,1.0,1.0,1,0,0,0,0.0,0.0,0.0,1.0,4567.0,4567.0,4567.0,0.00038541
deepseek_v4_pro,minimal,48,1.0,1.0,0.0,1.0,1.0,1.0,1.0,1.0,1,0,0,0,0.0,0.0,0.0,1.0,2232.0,2232.0,2232.0,0.00044891999999999995
deepseek_v4_pro,minimal,49,1.0,1.0,0.0,1.0,1.0,1.0,1.0,1.0,5,0,0,0,0.0,0.0,0.0,1.0,7938.6,7639.0,10935.599999999999,0.00161211
deepseek_v4_pro,minimal,50,1.0,1.0,0.0,1.0,1.0,1.0,1.0,1.0,1,0,0,0,0.0,0.0,0.0,1.0,1557.0,1557.0,1557.0,0.00028884
deepseek_v4_pro,minimal,51,1.0,1.0,0.0,1.0,1.0,1.0,1.0,1.0,1,0,0,0,0.0,0.0,0.0,1.0,7534.0,7534.0,7534.0,0.00045761999999999995
deepseek_v4_pro,minimal,52,1.0,1.0,0.0,1.0,1.0,1.0,1.0,1.0,4,0,0,0,0.0,0.0,0.0,1.0,5430.75,5223.0,8399.449999999999,0.0015986250000000002
deepseek_v4_pro,minimal,54,0.6666666666666666,0.6666666666666666,0.0,1.0,1.0,1.0,1.0,1.0,2,0,1,0,0.0,0.0,0.0,1.0,8942.333333333334,8819.0,10503.8,0.0012849899999999997
deepseek_v4_pro,minimal,55,1.0,1.0,0.0,1.0,1.0,1.0,1.0,1.0,2,0,0,0,0.0,0.0,0.0,1.0,5428.0,5428.0,5627.8,0.0007882200000000001
deepseek_v4_pro,minimal,56,1.0,1.0,0.0,1.0,1.0,1.0,1.0,1.0,2,0,0,0,0.0,0.0,0.0,1.0,8971.5,8971.5,9765.75,0.00080214
deepseek_v4_pro,minimal,63,1.0,1.0,0.0,1.0,1.0,1.0,1.0,1.0,1,0,0,0,0.0,0.0,0.0,1.0,8128.0,8128.0,8128.0,0.00039236999999999996
deepseek_v4_pro,minimal,64,1.0,1.0,0.0,1.0,1.0,1.0,1.0,1.0,2,0,0,0,0.0,0.0,0.0,1.0,7599.5,7599.5,7793.45,0.000837375
deepseek_v4_pro,minimal,65,1.0,1.0,0.0,1.0,1.0,1.0,1.0,1.0,1,0,0,0,0.0,0.0,0.0,1.0,15211.0,15211.0,15211.0,0.000695565
deepseek_v4_pro,minimal,94,1.0,1.0,0.0,1.0,1.0,1.0,1.0,1.0,2,0,0,0,0.0,0.0,0.0,1.0,5220.5,5220.5,7086.65,0.00115971
deepseek_v4_pro,minimal,99,1.0,1.0,0.0,1.0,1.0,1.0,1.0,1.0,1,0,0,0,0.0,0.0,0.0,1.0,4470.0,4470.0,4470.0,0.00085782
deepseek_v4_pro,minimal,185,0.0,0.0,0.0,1.0,1.0,0.0,0.0,0.0,0,0,1,0,0.0,0.0,0.0,1.0,5893.0,5893.0,5893.0,0.000970485
gemini_3_1_pro,minimal,1,0.677570093457944,0.6752336448598131,0.002336448598130869,0.9369158878504673,0.8558949514599429,0.9517241379310345,0.9550173010380623,0.9533678756476683,276,14,125,13,0.10071942446043165,0.04498269896193772,0.0,1.0,4457.7009345794395,4141.5,6860.749999999998,1.110834
gemini_3_1_pro,minimal,2,0.7761904761904762,0.8,-0.023809523809523836,0.9285714285714286,0.7861434536134969,0.9693251533742331,0.9404761904761905,0.9546827794561933,158,5,37,10,0.11904761904761904,0.05952380952380952,0.0,1.0,4714.919047619048,4128.5,7162.349999999999,0.57223
gemini_3_1_pro,minimal,3,0.7916666666666666,0.8020833333333334,-0.01041666666666674,0.96875,0.9034690799396682,0.9868421052631579,0.974025974025974,0.9803921568627451,75,1,18,2,0.05263157894736842,0.025974025974025976,0.0,1.0,4497.354166666667,4193.5,6891.25,0.23081599999999997
gemini_3_1_pro,minimal,4,0.8367346938775511,0.8571428571428571,-0.020408163265306034,0.8979591836734694,0.6064257028112447,0.9512195121951219,0.9285714285714286,0.9397590361445782,39,2,5,3,0.2857142857142857,0.07142857142857142,0.0,1.0,4567.102040816327,4148.0,6330.999999999993,0.136916
gemini_3_1_pro,minimal,5,0.72,0.76,-0.040000000000000036,0.96,0.8960498960498959,1.0,0.9473684210526315,0.972972972972973,18,0,6,1,0.0,0.05263157894736842,0.0,1.0,4436.2,4134.0,6002.799999999999,0.066084
gemini_3_1_pro,minimal,6,0.8181818181818182,0.8181818181818182,0.0,0.9393939393939394,0.7962962962962964,0.9629629629629629,0.9629629629629629,0.9629629629629629,26,1,5,1,0.16666666666666666,0.037037037037037035,0.0,1.0,5003.181818181818,4421.0,7830.599999999996,0.080972
gemini_3_1_pro,minimal,7,0.896551724137931,0.896551724137931,0.0,1.0,1.0,1.0,1.0,1.0,26,0,3,0,0.0,0.0,0.0,1.0,4572.551724137931,4100.0,6861.999999999999,0.07209
gemini_3_1_pro,minimal,8,0.8709677419354839,0.9032258064516129,-0.032258064516129004,0.967741935483871,0.838961038961039,1.0,0.9642857142857143,0.9818181818181818,27,0,3,1,0.0,0.03571428571428571,0.0,1.0,4603.677419354839,4303.0,6514.5,0.078542
gemini_3_1_pro,minimal,9,0.85,0.85,0.0,1.0,1.0,1.0,1.0,1.0,17,0,3,0,0.0,0.0,0.0,1.0,4356.8,4193.0,6490.45,0.05316
gemini_3_1_pro,minimal,10,0.9,0.9,0.0,1.0,1.0,1.0,1.0,1.0,18,0,2,0,0.0,0.0,0.0,1.0,4963.15,4537.5,6856.2000000000035,0.058915999999999996
gemini_3_1_pro,minimal,11,1.0,1.0,0.0,1.0,1.0,1.0,1.0,1.0,11,0,0,0,0.0,0.0,0.0,1.0,4871.818181818182,4341.0,7831.0,0.02716
gemini_3_1_pro,minimal,12,1.0,1.0,0.0,1.0,1.0,1.0,1.0,1.0,13,0,0,0,0.0,0.0,0.0,1.0,4456.538461538462,4346.0,5312.8,0.029164000000000002
gemini_3_1_pro,minimal,13,1.0,0.9285714285714286,0.0714285714285714,0.9285714285714286,-0.03703703703703835,0.9285714285714286,1.0,0.962962962962963,13,1,0,0,1.0,0.0,0.0,1.0,4351.5,3921.5,6689.35,0.030184000000000002
gemini_3_1_pro,minimal,14,0.8666666666666667,0.8666666666666667,0.0,1.0,1.0,1.0,1.0,1.0,13,0,2,0,0.0,0.0,0.0,1.0,4519.733333333334,3704.0,7972.099999999997,0.03491999999999999
gemini_3_1_pro,minimal,15,1.0,1.0,0.0,1.0,1.0,1.0,1.0,1.0,12,0,0,0,0.0,0.0,0.0,1.0,3945.4166666666665,3839.5,5217.749999999999,0.02749399999999999
gemini_3_1_pro,minimal,16,0.16666666666666666,0.3333333333333333,-0.16666666666666666,0.8333333333333334,0.5555555555555557,1.0,0.5,0.6666666666666666,1,0,4,1,0.0,0.5,0.0,1.0,4352.833333333333,3953.5,5657.25,0.013741999999999999
gemini_3_1_pro,minimal,17,1.0,1.0,0.0,1.0,1.0,1.0,1.0,1.0,11,0,0,0,0.0,0.0,0.0,1.0,4324.727272727273,3842.0,6284.5,0.025315999999999998
gemini_3_1_pro,minimal,18,0.8461538461538461,0.8461538461538461,0.0,1.0,1.0,1.0,1.0,1.0,11,0,2,0,0.0,0.0,0.0,1.0,5100.923076923077,4392.0,8306.199999999995,0.030596000000000005
gemini_3_1_pro,minimal,19,0.6,0.4,0.19999999999999996,0.8,0.6000000000000001,0.6666666666666666,1.0,0.8,2,1,2,0,0.3333333333333333,0.0,0.0,1.0,4067.4,4052.0,4964.8,0.013218
gemini_3_1_pro,minimal,20,1.0,1.0,0.0,1.0,1.0,1.0,1.0,1.0,6,0,0,0,0.0,0.0,0.0,1.0,4063.3333333333335,4113.0,4625.25,0.012955999999999999
gemini_3_1_pro,minimal,21,0.8333333333333334,0.8333333333333334,0.0,1.0,1.0,1.0,1.0,1.0,10,0,2,0,0.0,0.0,0.0,1.0,5053.166666666667,4254.0,8873.649999999998,0.03144
gemini_3_1_pro,minimal,22,0.8,0.8,0.0,1.0,1.0,1.0,1.0,1.0,8,0,2,0,0.0,0.0,0.0,1.0,4311.2,3692.0,6775.3499999999985,0.030468
gemini_3_1_pro,minimal,23,0.8666666666666667,0.9333333333333333,-0.06666666666666665,0.9333333333333333,0.6296296296296295,1.0,0.9285714285714286,0.962962962962963,13,0,1,1,0.0,0.07142857142857142,0.0,1.0,4451.666666666667,4334.0,5904.0,0.038787999999999996
gemini_3_1_pro,minimal,24,0.625,0.625,0.0,1.0,1.0,1.0,1.0,1.0,5,0,3,0,0.0,0.0,0.0,1.0,3832.375,3791.5,4382.0,0.0165
gemini_3_1_pro,minimal,25,0.8,0.8,0.0,1.0,1.0,1.0,1.0,1.0,4,0,1,0,0.0,0.0,0.0,1.0,4080.6,3972.0,4743.4,0.013139999999999999
gemini_3_1_pro,minimal,26,1.0,1.0,0.0,1.0,1.0,1.0,1.0,1.0,4,0,0,0,0.0,0.0,0.0,1.0,4433.75,4558.0,5294.75,0.009277999999999998
gemini_3_1_pro,minimal,27,1.0,1.0,0.0,1.0,1.0,1.0,1.0,1.0,11,0,0,0,0.0,0.0,0.0,1.0,4331.727272727273,3927.0,6130.0,0.027412
gemini_3_1_pro,minimal,28,0.9285714285714286,0.9285714285714286,0.0,1.0,1.0,1.0,1.0,1.0,13,0,1,0,0.0,0.0,0.0,1.0,4100.071428571428,3980.0,5194.4,0.036892
gemini_3_1_pro,minimal,29,1.0,1.0,0.0,1.0,1.0,1.0,1.0,1.0,3,0,0,0,0.0,0.0,0.0,1.0,3485.3333333333335,3535.0,3647.5,0.008029999999999999
gemini_3_1_pro,minimal,30,1.0,1.0,0.0,1.0,1.0,1.0,1.0,1.0,5,0,0,0,0.0,0.0,0.0,1.0,4526.2,4519.0,5434.599999999999,0.013404000000000001
gemini_3_1_pro,minimal,31,1.0,1.0,0.0,1.0,1.0,1.0,1.0,1.0,7,0,0,0,0.0,0.0,0.0,1.0,4313.571428571428,3939.0,5119.1,0.017882
gemini_3_1_pro,minimal,32,1.0,1.0,0.0,1.0,1.0,1.0,1.0,1.0,2,0,0,0,0.0,0.0,0.0,1.0,4143.5,4143.5,4260.05,0.0025960000000000002
gemini_3_1_pro,minimal,33,1.0,1.0,0.0,1.0,1.0,1.0,1.0,1.0,2,0,0,0,0.0,0.0,0.0,1.0,4120.5,4120.5,4265.85,0.00411
gemini_3_1_pro,minimal,35,1.0,1.0,0.0,1.0,1.0,1.0,1.0,1.0,4,0,0,0,0.0,0.0,0.0,1.0,4779.75,4688.5,5943.5,0.013102
gemini_3_1_pro,minimal,36,1.0,1.0,0.0,1.0,1.0,1.0,1.0,1.0,2,0,0,0,0.0,0.0,0.0,1.0,3572.0,3572.0,3609.8,0.00472
gemini_3_1_pro,minimal,37,1.0,1.0,0.0,1.0,1.0,1.0,1.0,1.0,6,0,0,0,0.0,0.0,0.0,1.0,4251.666666666667,3620.0,6088.25,0.017074
gemini_3_1_pro,minimal,38,1.0,1.0,0.0,1.0,1.0,1.0,1.0,1.0,2,0,0,0,0.0,0.0,0.0,1.0,4567.5,4567.5,4573.35,0.006856000000000001
gemini_3_1_pro,minimal,39,1.0,1.0,0.0,1.0,1.0,1.0,1.0,1.0,1,0,0,0,0.0,0.0,0.0,1.0,3805.0,3805.0,3805.0,0.0024000000000000002
gemini_3_1_pro,minimal,41,1.0,1.0,0.0,1.0,1.0,1.0,1.0,1.0,3,0,0,0,0.0,0.0,0.0,1.0,4090.0,4054.0,4209.7,0.007042
gemini_3_1_pro,minimal,43,1.0,1.0,0.0,1.0,1.0,1.0,1.0,1.0,2,0,0,0,0.0,0.0,0.0,1.0,3647.5,3647.5,3931.45,0.00557
gemini_3_1_pro,minimal,44,1.0,1.0,0.0,1.0,1.0,1.0,1.0,1.0,2,0,0,0,0.0,0.0,0.0,1.0,3723.0,3723.0,3765.3,0.00299
gemini_3_1_pro,minimal,45,1.0,1.0,0.0,1.0,1.0,1.0,1.0,1.0,2,0,0,0,0.0,0.0,0.0,1.0,4427.0,4427.0,4905.8,0.004908
gemini_3_1_pro,minimal,46,1.0,1.0,0.0,1.0,1.0,1.0,1.0,1.0,3,0,0,0,0.0,0.0,0.0,1.0,3976.3333333333335,4137.0,4272.0,0.00863
gemini_3_1_pro,minimal,47,1.0,1.0,0.0,1.0,1.0,1.0,1.0,1.0,1,0,0,0,0.0,0.0,0.0,1.0,4190.0,4190.0,4190.0,0.002576
gemini_3_1_pro,minimal,48,1.0,1.0,0.0,1.0,1.0,1.0,1.0,1.0,1,0,0,0,0.0,0.0,0.0,1.0,4437.0,4437.0,4437.0,0.004019999999999999
gemini_3_1_pro,minimal,49,1.0,1.0,0.0,1.0,1.0,1.0,1.0,1.0,5,0,0,0,0.0,0.0,0.0,1.0,4093.6,4047.0,4659.6,0.010694
gemini_3_1_pro,minimal,50,1.0,1.0,0.0,1.0,1.0,1.0,1.0,1.0,1,0,0,0,0.0,0.0,0.0,1.0,4182.0,4182.0,4182.0,0.00311
gemini_3_1_pro,minimal,51,1.0,1.0,0.0,1.0,1.0,1.0,1.0,1.0,1,0,0,0,0.0,0.0,0.0,1.0,3795.0,3795.0,3795.0,0.003676
gemini_3_1_pro,minimal,52,1.0,1.0,0.0,1.0,1.0,1.0,1.0,1.0,4,0,0,0,0.0,0.0,0.0,1.0,4350.0,4077.0,5387.9,0.014492000000000001
gemini_3_1_pro,minimal,54,0.6666666666666666,0.6666666666666666,0.0,1.0,1.0,1.0,1.0,1.0,2,0,1,0,0.0,0.0,0.0,1.0,3857.0,4127.0,4395.2,0.008265999999999999
gemini_3_1_pro,minimal,55,1.0,1.0,0.0,1.0,1.0,1.0,1.0,1.0,2,0,0,0,0.0,0.0,0.0,1.0,3736.5,3736.5,4001.55,0.0050680000000000005
gemini_3_1_pro,minimal,56,1.0,1.0,0.0,1.0,1.0,1.0,1.0,1.0,2,0,0,0,0.0,0.0,0.0,1.0,4513.5,4513.5,4564.35,0.008372000000000001
gemini_3_1_pro,minimal,63,1.0,1.0,0.0,1.0,1.0,1.0,1.0,1.0,1,0,0,0,0.0,0.0,0.0,1.0,3619.0,3619.0,3619.0,0.002356
gemini_3_1_pro,minimal,64,1.0,1.0,0.0,1.0,1.0,1.0,1.0,1.0,2,0,0,0,0.0,0.0,0.0,1.0,3740.5,3740.5,3903.85,0.00574
gemini_3_1_pro,minimal,65,1.0,1.0,0.0,1.0,1.0,1.0,1.0,1.0,1,0,0,0,0.0,0.0,0.0,1.0,3911.0,3911.0,3911.0,0.003724
gemini_3_1_pro,minimal,94,1.0,1.0,0.0,1.0,1.0,1.0,1.0,1.0,2,0,0,0,0.0,0.0,0.0,1.0,3915.5,3915.5,4323.65,0.008166
gemini_3_1_pro,minimal,99,1.0,1.0,0.0,1.0,1.0,1.0,1.0,1.0,1,0,0,0,0.0,0.0,0.0,1.0,4915.0,4915.0,4915.0,0.007797999999999999
gemini_3_1_pro,minimal,185,0.0,0.0,0.0,1.0,1.0,0.0,0.0,0.0,0,0,1,0,0.0,0.0,0.0,1.0,3873.0,3873.0,3873.0,0.005438
gemini_3_flash,minimal,1,0.7383177570093458,0.6752336448598131,0.06308411214953269,0.8948598130841121,0.7463369661848472,0.8860759493670886,0.9688581314878892,0.9256198347107437,280,36,103,9,0.2589928057553957,0.031141868512110725,0.0,1.0,1835.056074766355,1681.5,2244.25,0.07086350000000001
gemini_3_flash,minimal,2,0.819047619047619,0.8,0.01904761904761898,0.9142857142857143,0.7220588235294118,0.936046511627907,0.9583333333333334,0.9470588235294117,161,11,31,7,0.2619047619047619,0.041666666666666664,0.0,1.0,1821.490476190476,1695.0,2167.0999999999995,0.034152
gemini_3_flash,minimal,3,0.8229166666666666,0.8020833333333334,0.02083333333333326,0.9583333333333334,0.8632478632478634,0.9620253164556962,0.987012987012987,0.9743589743589742,76,3,16,1,0.15789473684210525,0.012987012987012988,0.0,1.0,1731.4583333333333,1693.0,2057.5,0.015995000000000002
gemini_3_flash,minimal,4,0.8163265306122449,0.8571428571428571,-0.04081632653061218,0.9183673469387755,0.7012195121951219,0.975,0.9285714285714286,0.951219512195122,39,1,6,3,0.14285714285714285,0.07142857142857142,0.0,1.0,1897.1836734693877,1728.0,2644.1999999999994,0.008753000000000002
gemini_3_flash,minimal,5,0.76,0.76,0.0,1.0,1.0,1.0,1.0,1.0,19,0,6,0,0.0,0.0,0.0,1.0,2170.32,1712.0,2344.599999999999,0.0046325
gemini_3_flash,minimal,6,0.8484848484848485,0.8181818181818182,0.030303030303030276,0.9696969696969697,0.890909090909091,0.9642857142857143,1.0,0.9818181818181818,27,1,5,0,0.16666666666666666,0.0,0.0,1.0,2433.4848484848485,1779.0,6323.599999999988,0.0057145
gemini_3_flash,minimal,7,0.9310344827586207,0.896551724137931,0.03448275862068961,0.9655172413793104,0.7811320754716982,0.9629629629629629,1.0,0.9811320754716981,26,1,2,0,0.3333333333333333,0.0,0.0,1.0,1721.6896551724137,1696.0,2096.3999999999996,0.005293000000000001
gemini_3_flash,minimal,8,0.9032258064516129,0.9032258064516129,0.0,1.0,1.0,1.0,1.0,1.0,28,0,3,0,0.0,0.0,0.0,1.0,1975.741935483871,1824.0,2220.0,0.006101500000000002
gemini_3_flash,minimal,9,0.85,0.85,0.0,0.9,0.6078431372549022,0.9411764705882353,0.9411764705882353,0.9411764705882353,16,1,2,1,0.3333333333333333,0.058823529411764705,0.0,1.0,1752.95,1802.0,1925.15,0.004086
gemini_3_flash,minimal,10,0.9,0.9,0.0,1.0,1.0,1.0,1.0,1.0,18,0,2,0,0.0,0.0,0.0,1.0,1886.9,1736.0,2124.850000000002,0.0040515
gemini_3_flash,minimal,11,1.0,1.0,0.0,1.0,1.0,1.0,1.0,1.0,11,0,0,0,0.0,0.0,0.0,1.0,1884.909090909091,1826.0,2526.0,0.0022205000000000003
gemini_3_flash,minimal,12,1.0,1.0,0.0,1.0,1.0,1.0,1.0,1.0,13,0,0,0,0.0,0.0,0.0,1.0,2262.6153846153848,1796.0,4613.79999999999,0.0026350000000000006
gemini_3_flash,minimal,13,0.9285714285714286,0.9285714285714286,0.0,1.0,1.0,1.0,1.0,1.0,13,0,1,0,0.0,0.0,0.0,1.0,1890.9285714285713,1653.0,2932.499999999999,0.0026439999999999996
gemini_3_flash,minimal,14,0.8666666666666667,0.8666666666666667,0.0,1.0,1.0,1.0,1.0,1.0,13,0,2,0,0.0,0.0,0.0,1.0,1740.6666666666667,1745.0,2207.8,0.0032220000000000005
gemini_3_flash,minimal,15,1.0,1.0,0.0,1.0,1.0,1.0,1.0,1.0,12,0,0,0,0.0,0.0,0.0,1.0,2249.5,1732.0,4497.249999999996,0.0027845
gemini_3_flash,minimal,16,0.16666666666666666,0.3333333333333333,-0.16666666666666666,0.8333333333333334,0.5555555555555557,1.0,0.5,0.6666666666666666,1,0,4,1,0.0,0.5,0.0,1.0,1933.0,1852.5,2387.25,0.0014765
gemini_3_flash,minimal,17,1.0,1.0,0.0,1.0,1.0,1.0,1.0,1.0,11,0,0,0,0.0,0.0,0.0,1.0,1779.8181818181818,1756.0,2056.5,0.002591
gemini_3_flash,minimal,18,0.8461538461538461,0.8461538461538461,0.0,1.0,1.0,1.0,1.0,1.0,11,0,2,0,0.0,0.0,0.0,1.0,1682.076923076923,1683.0,1970.9999999999998,0.0030585
gemini_3_flash,minimal,19,0.6,0.4,0.19999999999999996,0.8,0.6000000000000001,0.6666666666666666,1.0,0.8,2,1,2,0,0.3333333333333333,0.0,0.0,1.0,2073.4,1857.0,2802.6,0.0012825
gemini_3_flash,minimal,20,1.0,1.0,0.0,1.0,1.0,1.0,1.0,1.0,6,0,0,0,0.0,0.0,0.0,1.0,1929.5,1830.0,2574.5,0.0014415
gemini_3_flash,minimal,21,0.8333333333333334,0.8333333333333334,0.0,1.0,1.0,1.0,1.0,1.0,10,0,2,0,0.0,0.0,0.0,1.0,1759.9166666666667,1745.5,2002.8999999999999,0.0032845
gemini_3_flash,minimal,22,0.9,0.8,0.09999999999999998,0.9,0.6078431372549022,0.8888888888888888,1.0,0.9411764705882353,8,1,1,0,0.5,0.0,0.0,1.0,2306.6,1857.0,4858.849999999995,0.002679
gemini_3_flash,minimal,23,0.8666666666666667,0.9333333333333333,-0.06666666666666665,0.9333333333333333,0.6296296296296295,1.0,0.9285714285714286,0.962962962962963,13,0,1,1,0.0,0.07142857142857142,0.0,1.0,1884.4,1828.0,2525.6999999999994,0.0039995
gemini_3_flash,minimal,24,0.625,0.625,0.0,1.0,1.0,1.0,1.0,1.0,5,0,3,0,0.0,0.0,0.0,1.0,1841.5,1760.0,2477.7,0.002118
gemini_3_flash,minimal,25,0.8,0.8,0.0,1.0,1.0,1.0,1.0,1.0,4,0,1,0,0.0,0.0,0.0,1.0,2025.0,1832.0,2552.0,0.001482
gemini_3_flash,minimal,26,1.0,1.0,0.0,1.0,1.0,1.0,1.0,1.0,4,0,0,0,0.0,0.0,0.0,1.0,1678.0,1678.5,1894.35,0.0010685
gemini_3_flash,minimal,27,1.0,1.0,0.0,1.0,1.0,1.0,1.0,1.0,11,0,0,0,0.0,0.0,0.0,1.0,1754.909090909091,1685.0,2043.0,0.00307
gemini_3_flash,minimal,28,0.9285714285714286,0.9285714285714286,0.0,1.0,1.0,1.0,1.0,1.0,13,0,1,0,0.0,0.0,0.0,1.0,3250.0,1813.0,12435.85,0.0041
gemini_3_flash,minimal,29,1.0,1.0,0.0,1.0,1.0,1.0,1.0,1.0,3,0,0,0,0.0,0.0,0.0,1.0,1573.6666666666667,1690.0,1699.0,0.0008855
gemini_3_flash,minimal,30,1.0,1.0,0.0,1.0,1.0,1.0,1.0,1.0,5,0,0,0,0.0,0.0,0.0,1.0,1853.2,1821.0,2118.8,0.001548
gemini_3_flash,minimal,31,1.0,1.0,0.0,1.0,1.0,1.0,1.0,1.0,7,0,0,0,0.0,0.0,0.0,1.0,1697.2857142857142,1694.0,1858.2,0.0021335
gemini_3_flash,minimal,32,1.0,1.0,0.0,1.0,1.0,1.0,1.0,1.0,2,0,0,0,0.0,0.0,0.0,1.0,1582.5,1582.5,1591.05,0.000259
gemini_3_flash,minimal,33,1.0,1.0,0.0,1.0,1.0,1.0,1.0,1.0,2,0,0,0,0.0,0.0,0.0,1.0,1580.5,1580.5,1612.45,0.0005355
gemini_3_flash,minimal,35,1.0,1.0,0.0,1.0,1.0,1.0,1.0,1.0,4,0,0,0,0.0,0.0,0.0,1.0,1860.5,1875.0,2099.1,0.0015325
gemini_3_flash,minimal,36,1.0,1.0,0.0,1.0,1.0,1.0,1.0,1.0,2,0,0,0,0.0,0.0,0.0,1.0,1706.5,1706.5,1814.05,0.000637
gemini_3_flash,minimal,37,1.0,1.0,0.0,1.0,1.0,1.0,1.0,1.0,6,0,0,0,0.0,0.0,0.0,1.0,1697.5,1680.0,1898.25,0.0020755
gemini_3_flash,minimal,38,1.0,1.0,0.0,1.0,1.0,1.0,1.0,1.0,2,0,0,0,0.0,0.0,0.0,1.0,1977.5,1977.5,2082.35,0.000712
gemini_3_flash,minimal,39,1.0,1.0,0.0,1.0,1.0,1.0,1.0,1.0,1,0,0,0,0.0,0.0,0.0,1.0,1760.0,1760.0,1760.0,0.00034500000000000004
gemini_3_flash,minimal,41,1.0,1.0,0.0,1.0,1.0,1.0,1.0,1.0,3,0,0,0,0.0,0.0,0.0,1.0,1578.3333333333333,1628.0,1629.8,0.0010465
gemini_3_flash,minimal,43,1.0,1.0,0.0,1.0,1.0,1.0,1.0,1.0,2,0,0,0,0.0,0.0,0.0,1.0,1800.5,1800.5,1801.85,0.0007084999999999999
gemini_3_flash,minimal,44,1.0,1.0,0.0,1.0,1.0,1.0,1.0,1.0,2,0,0,0,0.0,0.0,0.0,1.0,1765.0,1765.0,1887.4,0.0004355
gemini_3_flash,minimal,45,1.0,1.0,0.0,1.0,1.0,1.0,1.0,1.0,2,0,0,0,0.0,0.0,0.0,1.0,1531.5,1531.5,1586.85,0.0006839999999999999
gemini_3_flash,minimal,46,1.0,1.0,0.0,1.0,1.0,1.0,1.0,1.0,3,0,0,0,0.0,0.0,0.0,1.0,2013.3333333333333,2067.0,2202.9,0.001107
gemini_3_flash,minimal,47,1.0,1.0,0.0,1.0,1.0,1.0,1.0,1.0,1,0,0,0,0.0,0.0,0.0,1.0,22231.0,22231.0,22231.0,0.000407
gemini_3_flash,minimal,48,1.0,1.0,0.0,1.0,1.0,1.0,1.0,1.0,1,0,0,0,0.0,0.0,0.0,1.0,1723.0,1723.0,1723.0,0.000444
gemini_3_flash,minimal,49,1.0,1.0,0.0,1.0,1.0,1.0,1.0,1.0,5,0,0,0,0.0,0.0,0.0,1.0,2235.6,1747.0,3843.7999999999997,0.0016175
gemini_3_flash,minimal,50,1.0,1.0,0.0,1.0,1.0,1.0,1.0,1.0,1,0,0,0,0.0,0.0,0.0,1.0,1520.0,1520.0,1520.0,0.0003965
gemini_3_flash,minimal,51,1.0,1.0,0.0,1.0,1.0,1.0,1.0,1.0,1,0,0,0,0.0,0.0,0.0,1.0,1741.0,1741.0,1741.0,0.00040300000000000004
gemini_3_flash,minimal,52,1.0,1.0,0.0,1.0,1.0,1.0,1.0,1.0,4,0,0,0,0.0,0.0,0.0,1.0,1834.0,1822.0,2087.25,0.001502
gemini_3_flash,minimal,54,0.6666666666666666,0.6666666666666666,0.0,1.0,1.0,1.0,1.0,1.0,2,0,1,0,0.0,0.0,0.0,1.0,1898.0,2106.0,2130.3,0.0013555000000000002
gemini_3_flash,minimal,55,1.0,1.0,0.0,1.0,1.0,1.0,1.0,1.0,2,0,0,0,0.0,0.0,0.0,1.0,1526.5,1526.5,1582.75,0.0008405000000000001
gemini_3_flash,minimal,56,1.0,1.0,0.0,1.0,1.0,1.0,1.0,1.0,2,0,0,0,0.0,0.0,0.0,1.0,1725.0,1725.0,1833.0,0.00086
gemini_3_flash,minimal,63,1.0,1.0,0.0,1.0,1.0,1.0,1.0,1.0,1,0,0,0,0.0,0.0,0.0,1.0,1471.0,1471.0,1471.0,0.000412
gemini_3_flash,minimal,64,1.0,1.0,0.0,1.0,1.0,1.0,1.0,1.0,2,0,0,0,0.0,0.0,0.0,1.0,1781.0,1781.0,1976.3,0.0009040000000000001
gemini_3_flash,minimal,65,1.0,1.0,0.0,1.0,1.0,1.0,1.0,1.0,1,0,0,0,0.0,0.0,0.0,1.0,1654.0,1654.0,1654.0,0.000517
gemini_3_flash,minimal,94,1.0,1.0,0.0,1.0,1.0,1.0,1.0,1.0,2,0,0,0,0.0,0.0,0.0,1.0,1594.0,1594.0,1658.8,0.0012465
gemini_3_flash,minimal,99,1.0,1.0,0.0,1.0,1.0,1.0,1.0,1.0,1,0,0,0,0.0,0.0,0.0,1.0,1631.0,1631.0,1631.0,0.0011665
gemini_3_flash,minimal,185,0.0,0.0,0.0,1.0,1.0,0.0,0.0,0.0,0,0,1,0,0.0,0.0,0.0,1.0,1807.0,1807.0,1807.0,0.0011225
glm_5_1,minimal,1,0.6728971962616822,0.6752336448598131,-0.002336448598130869,0.9322429906542056,0.8457973823322958,0.9513888888888888,0.9480968858131488,0.9497400346620452,274,14,125,15,0.10071942446043165,0.05190311418685121,0.0,1.0,8492.957943925234,6316.0,20207.499999999985,0.39266045000000005
glm_5_1,minimal,2,0.7761904761904762,0.8,-0.023809523809523836,0.919047619047619,0.7576292474286296,0.9631901840490797,0.9345238095238095,0.9486404833836858,157,6,36,11,0.14285714285714285,0.06547619047619048,0.0,1.0,9117.638095238095,6828.0,20376.04999999999,0.20408184999999998
glm_5_1,minimal,3,0.78125,0.8020833333333334,-0.02083333333333337,0.9583333333333334,0.873684210526316,0.9866666666666667,0.961038961038961,0.9736842105263157,74,1,18,3,0.05263157894736842,0.03896103896103896,0.0,1.0,7507.520833333333,6185.5,15307.0,0.08082025000000001
glm_5_1,minimal,4,0.8367346938775511,0.8571428571428571,-0.020408163265306034,0.8979591836734694,0.6064257028112447,0.9512195121951219,0.9285714285714286,0.9397590361445782,39,2,5,3,0.2857142857142857,0.07142857142857142,0.0,1.0,9152.081632653062,8009.0,18538.199999999993,0.0450646
glm_5_1,minimal,5,0.72,0.76,-0.040000000000000036,0.96,0.8960498960498959,1.0,0.9473684210526315,0.972972972972973,18,0,6,1,0.0,0.05263157894736842,0.0,1.0,7932.28,6826.0,16087.599999999991,0.0215404
glm_5_1,minimal,6,0.8181818181818182,0.8181818181818182,0.0,0.9393939393939394,0.7962962962962964,0.9629629629629629,0.9629629629629629,0.9629629629629629,26,1,5,1,0.16666666666666666,0.037037037037037035,0.0,1.0,7386.363636363636,5397.0,16855.0,0.029276800000000002
glm_5_1,minimal,7,0.896551724137931,0.896551724137931,0.0,1.0,1.0,1.0,1.0,1.0,26,0,3,0,0.0,0.0,0.0,1.0,9996.931034482759,8009.0,17385.6,0.02592625
glm_5_1,minimal,8,0.8387096774193549,0.9032258064516129,-0.06451612903225801,0.9354838709677419,0.7129629629629628,1.0,0.9285714285714286,0.962962962962963,26,0,3,2,0.0,0.07142857142857142,0.0,1.0,8197.032258064517,5857.0,20801.0,0.03258605
glm_5_1,minimal,9,0.8,0.85,-0.04999999999999993,0.95,0.8268398268398267,1.0,0.9411764705882353,0.9696969696969697,16,0,3,1,0.0,0.058823529411764705,0.0,1.0,7764.9,6763.0,13852.350000000002,0.0196091
glm_5_1,minimal,10,0.85,0.9,-0.050000000000000044,0.95,0.7714285714285712,1.0,0.9444444444444444,0.9714285714285714,17,0,2,1,0.0,0.05555555555555555,0.0,1.0,10374.9,6512.5,24122.550000000007,0.023923550000000002
glm_5_1,minimal,11,1.0,1.0,0.0,1.0,1.0,1.0,1.0,1.0,11,0,0,0,0.0,0.0,0.0,1.0,8178.363636363636,4392.0,20329.0,0.0101122
glm_5_1,minimal,12,1.0,1.0,0.0,1.0,1.0,1.0,1.0,1.0,13,0,0,0,0.0,0.0,0.0,1.0,11399.692307692309,8504.0,32975.99999999997,0.012029149999999999
glm_5_1,minimal,13,0.8571428571428571,0.9285714285714286,-0.07142857142857151,0.9285714285714286,0.6266666666666668,1.0,0.9230769230769231,0.9600000000000001,12,0,1,1,0.0,0.07692307692307693,0.0,1.0,8987.142857142857,8196.5,19169.799999999996,0.01252825
glm_5_1,minimal,14,0.8666666666666667,0.8666666666666667,0.0,1.0,1.0,1.0,1.0,1.0,13,0,2,0,0.0,0.0,0.0,1.0,8970.266666666666,6788.0,21603.499999999996,0.0130557
glm_5_1,minimal,15,1.0,1.0,0.0,1.0,1.0,1.0,1.0,1.0,12,0,0,0,0.0,0.0,0.0,1.0,8957.916666666666,7054.0,21056.799999999996,0.013150549999999999
glm_5_1,minimal,16,0.16666666666666666,0.3333333333333333,-0.16666666666666666,0.8333333333333334,0.5555555555555557,1.0,0.5,0.6666666666666666,1,0,4,1,0.0,0.5,0.0,1.0,9315.166666666666,8408.5,15085.25,0.0054113500000000005
glm_5_1,minimal,17,1.0,1.0,0.0,1.0,1.0,1.0,1.0,1.0,11,0,0,0,0.0,0.0,0.0,1.0,6447.545454545455,5232.0,12601.0,0.008765750000000001
glm_5_1,minimal,18,0.8461538461538461,0.8461538461538461,0.0,1.0,1.0,1.0,1.0,1.0,11,0,2,0,0.0,0.0,0.0,1.0,6902.076923076923,4890.0,16129.999999999998,0.0122388
glm_5_1,minimal,19,0.6,0.4,0.19999999999999996,0.8,0.6000000000000001,0.6666666666666666,1.0,0.8,2,1,2,0,0.3333333333333333,0.0,0.0,1.0,9816.8,7856.0,18980.0,0.00763525
glm_5_1,minimal,20,1.0,1.0,0.0,1.0,1.0,1.0,1.0,1.0,6,0,0,0,0.0,0.0,0.0,1.0,6303.333333333333,5600.0,10674.75,0.0054726
glm_5_1,minimal,21,0.8333333333333334,0.8333333333333334,0.0,1.0,1.0,1.0,1.0,1.0,10,0,2,0,0.0,0.0,0.0,1.0,9636.583333333334,8532.0,16744.949999999997,0.01095535
glm_5_1,minimal,22,0.8,0.8,0.0,1.0,1.0,1.0,1.0,1.0,8,0,2,0,0.0,0.0,0.0,1.0,6503.1,5246.0,11784.399999999994,0.0100968
glm_5_1,minimal,23,0.9333333333333333,0.9333333333333333,0.0,1.0,1.0,1.0,1.0,1.0,14,0,1,0,0.0,0.0,0.0,1.0,7594.666666666667,5630.0,19398.599999999995,0.01336895
glm_5_1,minimal,24,0.625,0.625,0.0,1.0,1.0,1.0,1.0,1.0,5,0,3,0,0.0,0.0,0.0,1.0,8908.125,9440.5,17976.699999999997,0.007971250000000001
glm_5_1,minimal,25,0.8,0.8,0.0,1.0,1.0,1.0,1.0,1.0,4,0,1,0,0.0,0.0,0.0,1.0,8240.4,6500.0,14707.599999999999,0.00417865
glm_5_1,minimal,26,1.0,1.0,0.0,1.0,1.0,1.0,1.0,1.0,4,0,0,0,0.0,0.0,0.0,1.0,4471.25,4725.5,7029.549999999999,0.0031069500000000002
glm_5_1,minimal,27,1.0,1.0,0.0,1.0,1.0,1.0,1.0,1.0,11,0,0,0,0.0,0.0,0.0,1.0,6148.0,4981.0,13284.0,0.0106701
glm_5_1,minimal,28,0.9285714285714286,0.9285714285714286,0.0,1.0,1.0,1.0,1.0,1.0,13,0,1,0,0.0,0.0,0.0,1.0,7930.285714285715,6442.5,16925.649999999998,0.0135646
glm_5_1,minimal,29,1.0,1.0,0.0,1.0,1.0,1.0,1.0,1.0,3,0,0,0,0.0,0.0,0.0,1.0,9387.0,6460.0,17390.5,0.0027776
glm_5_1,minimal,30,1.0,1.0,0.0,1.0,1.0,1.0,1.0,1.0,5,0,0,0,0.0,0.0,0.0,1.0,8173.6,8713.0,13158.199999999999,0.00550795
glm_5_1,minimal,31,1.0,1.0,0.0,1.0,1.0,1.0,1.0,1.0,7,0,0,0,0.0,0.0,0.0,1.0,7510.0,6480.0,11666.3,0.007277200000000001
glm_5_1,minimal,32,1.0,1.0,0.0,1.0,1.0,1.0,1.0,1.0,2,0,0,0,0.0,0.0,0.0,1.0,5651.5,5651.5,5929.15,0.0009457000000000001
glm_5_1,minimal,33,1.0,1.0,0.0,1.0,1.0,1.0,1.0,1.0,2,0,0,0,0.0,0.0,0.0,1.0,5675.5,5675.5,7531.75,0.0016362500000000001
glm_5_1,minimal,35,1.0,1.0,0.0,1.0,1.0,1.0,1.0,1.0,4,0,0,0,0.0,0.0,0.0,1.0,7751.75,5848.5,12722.999999999996,0.004659550000000001
glm_5_1,minimal,36,1.0,1.0,0.0,1.0,1.0,1.0,1.0,1.0,2,0,0,0,0.0,0.0,0.0,1.0,6653.0,6653.0,6982.4,0.0017815
glm_5_1,minimal,37,1.0,1.0,0.0,1.0,1.0,1.0,1.0,1.0,6,0,0,0,0.0,0.0,0.0,1.0,11361.333333333334,9024.0,23088.5,0.0075719
glm_5_1,minimal,38,1.0,1.0,0.0,1.0,1.0,1.0,1.0,1.0,2,0,0,0,0.0,0.0,0.0,1.0,12277.5,12277.5,19531.05,0.0020678
glm_5_1,minimal,39,1.0,1.0,0.0,1.0,1.0,1.0,1.0,1.0,1,0,0,0,0.0,0.0,0.0,1.0,8122.0,8122.0,8122.0,0.00097685
glm_5_1,minimal,41,1.0,1.0,0.0,1.0,1.0,1.0,1.0,1.0,3,0,0,0,0.0,0.0,0.0,1.0,7675.0,5118.0,14881.199999999999,0.0029435
glm_5_1,minimal,43,1.0,1.0,0.0,1.0,1.0,1.0,1.0,1.0,2,0,0,0,0.0,0.0,0.0,1.0,6646.0,6646.0,7861.0,0.0024605
glm_5_1,minimal,44,1.0,1.0,0.0,1.0,1.0,1.0,1.0,1.0,2,0,0,0,0.0,0.0,0.0,1.0,3860.5,3860.5,6335.95,0.0012488
glm_5_1,minimal,45,1.0,1.0,0.0,1.0,1.0,1.0,1.0,1.0,2,0,0,0,0.0,0.0,0.0,1.0,5826.0,5826.0,6579.3,0.00198695
glm_5_1,minimal,46,0.6666666666666666,1.0,-0.33333333333333337,0.6666666666666666,-0.20000000000000057,1.0,0.6666666666666666,0.8,2,0,0,1,0.0,0.3333333333333333,0.0,1.0,17262.666666666668,7397.0,34665.2,0.008039150000000002
glm_5_1,minimal,47,1.0,1.0,0.0,1.0,1.0,1.0,1.0,1.0,1,0,0,0,0.0,0.0,0.0,1.0,9243.0,9243.0,9243.0,0.00110145
glm_5_1,minimal,48,1.0,1.0,0.0,1.0,1.0,1.0,1.0,1.0,1,0,0,0,0.0,0.0,0.0,1.0,22442.0,22442.0,22442.0,0.0018774
glm_5_1,minimal,49,1.0,1.0,0.0,1.0,1.0,1.0,1.0,1.0,5,0,0,0,0.0,0.0,0.0,1.0,3736.4,2920.0,6629.599999999999,0.0044583
glm_5_1,minimal,50,1.0,1.0,0.0,1.0,1.0,1.0,1.0,1.0,1,0,0,0,0.0,0.0,0.0,1.0,7217.0,7217.0,7217.0,0.0010692499999999999
glm_5_1,minimal,51,1.0,1.0,0.0,1.0,1.0,1.0,1.0,1.0,1,0,0,0,0.0,0.0,0.0,1.0,9009.0,9009.0,9009.0,0.00148575
glm_5_1,minimal,52,1.0,1.0,0.0,1.0,1.0,1.0,1.0,1.0,4,0,0,0,0.0,0.0,0.0,1.0,4448.5,3868.0,7482.449999999999,0.0041909
glm_5_1,minimal,54,0.6666666666666666,0.6666666666666666,0.0,1.0,1.0,1.0,1.0,1.0,2,0,1,0,0.0,0.0,0.0,1.0,6649.0,5913.0,9657.9,0.004445350000000001
glm_5_1,minimal,55,1.0,1.0,0.0,1.0,1.0,1.0,1.0,1.0,2,0,0,0,0.0,0.0,0.0,1.0,4119.0,4119.0,5897.4,0.0022666
glm_5_1,minimal,56,1.0,1.0,0.0,1.0,1.0,1.0,1.0,1.0,2,0,0,0,0.0,0.0,0.0,1.0,16920.5,16920.5,25345.85,0.0028546
glm_5_1,minimal,63,1.0,1.0,0.0,1.0,1.0,1.0,1.0,1.0,1,0,0,0,0.0,0.0,0.0,1.0,4006.0,4006.0,4006.0,0.00119105
glm_5_1,minimal,64,1.0,1.0,0.0,1.0,1.0,1.0,1.0,1.0,2,0,0,0,0.0,0.0,0.0,1.0,11463.0,11463.0,17446.2,0.0023842000000000004
glm_5_1,minimal,65,1.0,1.0,0.0,1.0,1.0,1.0,1.0,1.0,1,0,0,0,0.0,0.0,0.0,1.0,23833.0,23833.0,23833.0,0.0012803
glm_5_1,minimal,94,1.0,1.0,0.0,1.0,1.0,1.0,1.0,1.0,2,0,0,0,0.0,0.0,0.0,1.0,8555.0,8555.0,9825.8,0.00337785
glm_5_1,minimal,99,1.0,1.0,0.0,1.0,1.0,1.0,1.0,1.0,1,0,0,0,0.0,0.0,0.0,1.0,7677.0,7677.0,7677.0,0.00236425
glm_5_1,minimal,185,0.0,0.0,0.0,1.0,1.0,0.0,0.0,0.0,0,0,1,0,0.0,0.0,0.0,1.0,27967.0,27967.0,27967.0,0.00250635
gpt_5_5,minimal,1,0.6658878504672897,0.6752336448598131,-0.009345794392523366,0.9485981308411215,0.8836582894704328,0.968421052631579,0.9550173010380623,0.9616724738675959,276,9,130,13,0.06474820143884892,0.04498269896193772,0.0,1.0,3982.2640186915887,3392.5,8064.649999999999,1.373125
gpt_5_5,minimal,2,0.7761904761904762,0.8,-0.023809523809523836,0.9095238095238095,0.7291150412437626,0.9570552147239264,0.9285714285714286,0.9425981873111783,156,7,35,12,0.16666666666666666,0.07142857142857142,0.0,1.0,3748.8952380952383,3535.5,6094.95,0.67666
gpt_5_5,minimal,3,0.7708333333333334,0.8020833333333334,-0.03125,0.96875,0.9069617186238087,1.0,0.961038961038961,0.9801324503311257,74,0,19,3,0.0,0.03896103896103896,0.0,1.0,4354.229166666667,3639.0,9111.0,0.30724000000000007
gpt_5_5,minimal,4,0.8163265306122449,0.8571428571428571,-0.04081632653061218,0.8775510204081632,0.5518292682926826,0.95,0.9047619047619048,0.9268292682926829,38,2,5,4,0.2857142857142857,0.09523809523809523,0.0,1.0,4701.857142857143,3697.0,10921.799999999981,0.163525
gpt_5_5,minimal,5,0.72,0.76,-0.040000000000000036,0.96,0.8960498960498959,1.0,0.9473684210526315,0.972972972972973,18,0,6,1,0.0,0.05263157894736842,0.0,1.0,5113.72,3925.0,8052.799999999993,0.08714999999999999
gpt_5_5,minimal,6,0.8181818181818182,0.8181818181818182,0.0,0.9393939393939394,0.7962962962962964,0.9629629629629629,0.9629629629629629,0.9629629629629629,26,1,5,1,0.16666666666666666,0.037037037037037035,0.0,1.0,3879.242424242424,3680.0,6115.799999999998,0.1003
gpt_5_5,minimal,7,0.8620689655172413,0.896551724137931,-0.034482758620689724,0.9655172413793104,0.8375350140056024,1.0,0.9615384615384616,0.9803921568627451,25,0,3,1,0.0,0.038461538461538464,0.0,1.0,4315.517241379311,3312.0,7807.2,0.07995000000000001
gpt_5_5,minimal,8,0.8064516129032258,0.9032258064516129,-0.09677419354838712,0.9032258064516129,0.610062893081761,1.0,0.8928571428571429,0.9433962264150945,25,0,3,3,0.0,0.10714285714285714,0.0,1.0,4092.2580645161293,3396.0,7420.5,0.098415
gpt_5_5,minimal,9,0.8,0.85,-0.04999999999999993,0.95,0.8268398268398267,1.0,0.9411764705882353,0.9696969696969697,16,0,3,1,0.0,0.058823529411764705,0.0,1.0,4698.55,3757.5,14061.15,0.06918
gpt_5_5,minimal,10,0.9,0.9,0.0,1.0,1.0,1.0,1.0,1.0,18,0,2,0,0.0,0.0,0.0,1.0,5704.8,4855.0,14867.6,0.083965
gpt_5_5,minimal,11,1.0,1.0,0.0,1.0,1.0,1.0,1.0,1.0,11,0,0,0,0.0,0.0,0.0,1.0,3543.4545454545455,3358.0,6621.0,0.030914999999999998
gpt_5_5,minimal,12,1.0,1.0,0.0,1.0,1.0,1.0,1.0,1.0,13,0,0,0,0.0,0.0,0.0,1.0,4631.846153846154,2706.0,12788.399999999972,0.036234999999999996
gpt_5_5,minimal,13,0.9285714285714286,0.9285714285714286,0.0,1.0,1.0,1.0,1.0,1.0,13,0,1,0,0.0,0.0,0.0,1.0,6601.0,3994.0,16529.399999999994,0.04649
gpt_5_5,minimal,14,0.8,0.8666666666666667,-0.06666666666666665,0.9333333333333333,0.76,1.0,0.9230769230769231,0.9600000000000001,12,0,2,1,0.0,0.07692307692307693,0.0,1.0,4517.733333333334,3639.0,10590.699999999988,0.047325
gpt_5_5,minimal,15,1.0,1.0,0.0,1.0,1.0,1.0,1.0,1.0,12,0,0,0,0.0,0.0,0.0,1.0,3647.5,3287.5,6087.699999999999,0.04329
gpt_5_5,minimal,16,0.16666666666666666,0.3333333333333333,-0.16666666666666666,0.8333333333333334,0.5555555555555557,1.0,0.5,0.6666666666666666,1,0,4,1,0.0,0.5,0.0,1.0,5190.166666666667,5090.5,8236.75,0.01915
gpt_5_5,minimal,17,1.0,1.0,0.0,1.0,1.0,1.0,1.0,1.0,11,0,0,0,0.0,0.0,0.0,1.0,3349.909090909091,2918.0,5451.0,0.035785
gpt_5_5,minimal,18,0.8461538461538461,0.8461538461538461,0.0,1.0,1.0,1.0,1.0,1.0,11,0,2,0,0.0,0.0,0.0,1.0,7801.307692307692,4128.0,26044.399999999965,0.04051500000000001
gpt_5_5,minimal,19,0.6,0.4,0.19999999999999996,0.8,0.6000000000000001,0.6666666666666666,1.0,0.8,2,1,2,0,0.3333333333333333,0.0,0.0,1.0,7046.4,5093.0,15401.799999999997,0.021985000000000005
gpt_5_5,minimal,20,1.0,1.0,0.0,1.0,1.0,1.0,1.0,1.0,6,0,0,0,0.0,0.0,0.0,1.0,2814.0,2532.5,4563.25,0.018625
gpt_5_5,minimal,21,0.8333333333333334,0.8333333333333334,0.0,1.0,1.0,1.0,1.0,1.0,10,0,2,0,0.0,0.0,0.0,1.0,4188.416666666667,4492.0,6092.55,0.048345
gpt_5_5,minimal,22,0.8,0.8,0.0,1.0,1.0,1.0,1.0,1.0,8,0,2,0,0.0,0.0,0.0,1.0,4076.7,3633.0,7639.999999999998,0.038755
gpt_5_5,minimal,23,0.8666666666666667,0.9333333333333333,-0.06666666666666665,0.9333333333333333,0.6296296296296295,1.0,0.9285714285714286,0.962962962962963,13,0,1,1,0.0,0.07142857142857142,0.0,1.0,3785.133333333333,4016.0,5361.599999999999,0.053744999999999994
gpt_5_5,minimal,24,0.625,0.625,0.0,1.0,1.0,1.0,1.0,1.0,5,0,3,0,0.0,0.0,0.0,1.0,3598.25,2421.0,7119.249999999999,0.027315
gpt_5_5,minimal,25,0.8,0.8,0.0,1.0,1.0,1.0,1.0,1.0,4,0,1,0,0.0,0.0,0.0,1.0,6152.8,7778.0,9332.2,0.019155000000000002
gpt_5_5,minimal,26,1.0,1.0,0.0,1.0,1.0,1.0,1.0,1.0,4,0,0,0,0.0,0.0,0.0,1.0,3766.75,3555.0,4862.45,0.013665
gpt_5_5,minimal,27,1.0,1.0,0.0,1.0,1.0,1.0,1.0,1.0,11,0,0,0,0.0,0.0,0.0,1.0,4130.545454545455,2621.0,11038.5,0.040185
gpt_5_5,minimal,28,0.9285714285714286,0.9285714285714286,0.0,1.0,1.0,1.0,1.0,1.0,13,0,1,0,0.0,0.0,0.0,1.0,2991.0714285714284,2994.0,4637.099999999999,0.05215
gpt_5_5,minimal,29,1.0,1.0,0.0,1.0,1.0,1.0,1.0,1.0,3,0,0,0,0.0,0.0,0.0,1.0,2269.6666666666665,2008.0,2830.6,0.010839999999999999
gpt_5_5,minimal,30,1.0,1.0,0.0,1.0,1.0,1.0,1.0,1.0,5,0,0,0,0.0,0.0,0.0,1.0,9783.8,4645.0,27194.199999999997,0.019055
gpt_5_5,minimal,31,1.0,1.0,0.0,1.0,1.0,1.0,1.0,1.0,7,0,0,0,0.0,0.0,0.0,1.0,4361.142857142857,3868.0,6769.9,0.026135000000000002
gpt_5_5,minimal,32,1.0,1.0,0.0,1.0,1.0,1.0,1.0,1.0,2,0,0,0,0.0,0.0,0.0,1.0,3629.0,3629.0,4094.3,0.00382
gpt_5_5,minimal,33,1.0,1.0,0.0,1.0,1.0,1.0,1.0,1.0,2,0,0,0,0.0,0.0,0.0,1.0,4430.0,4430.0,6662.9,0.00665
gpt_5_5,minimal,35,1.0,1.0,0.0,1.0,1.0,1.0,1.0,1.0,4,0,0,0,0.0,0.0,0.0,1.0,4188.25,3680.5,6980.599999999999,0.027540000000000002
gpt_5_5,minimal,36,1.0,1.0,0.0,1.0,1.0,1.0,1.0,1.0,2,0,0,0,0.0,0.0,0.0,1.0,12129.5,12129.5,19639.55,0.007585
gpt_5_5,minimal,37,1.0,1.0,0.0,1.0,1.0,1.0,1.0,1.0,6,0,0,0,0.0,0.0,0.0,1.0,5497.166666666667,2874.5,15040.0,0.02685
gpt_5_5,minimal,38,1.0,1.0,0.0,1.0,1.0,1.0,1.0,1.0,2,0,0,0,0.0,0.0,0.0,1.0,3068.0,3068.0,3790.7,0.008015
gpt_5_5,minimal,39,1.0,1.0,0.0,1.0,1.0,1.0,1.0,1.0,1,0,0,0,0.0,0.0,0.0,1.0,1690.0,1690.0,1690.0,0.003815
gpt_5_5,minimal,41,1.0,1.0,0.0,1.0,1.0,1.0,1.0,1.0,3,0,0,0,0.0,0.0,0.0,1.0,2629.0,2314.0,3317.5,0.011935000000000001
gpt_5_5,minimal,43,1.0,1.0,0.0,1.0,1.0,1.0,1.0,1.0,2,0,0,0,0.0,0.0,0.0,1.0,4150.5,4150.5,5042.85,0.00978
gpt_5_5,minimal,44,1.0,1.0,0.0,1.0,1.0,1.0,1.0,1.0,2,0,0,0,0.0,0.0,0.0,1.0,3486.0,3486.0,3722.7,0.004985
gpt_5_5,minimal,45,1.0,1.0,0.0,1.0,1.0,1.0,1.0,1.0,2,0,0,0,0.0,0.0,0.0,1.0,1786.0,1786.0,1903.9,0.008165
gpt_5_5,minimal,46,1.0,1.0,0.0,1.0,1.0,1.0,1.0,1.0,3,0,0,0,0.0,0.0,0.0,1.0,6447.333333333333,6974.0,8432.9,0.01567
gpt_5_5,minimal,47,1.0,1.0,0.0,1.0,1.0,1.0,1.0,1.0,1,0,0,0,0.0,0.0,0.0,1.0,2052.0,2052.0,2052.0,0.00474
gpt_5_5,minimal,48,1.0,1.0,0.0,1.0,1.0,1.0,1.0,1.0,1,0,0,0,0.0,0.0,0.0,1.0,2819.0,2819.0,2819.0,0.005805
gpt_5_5,minimal,49,1.0,1.0,0.0,1.0,1.0,1.0,1.0,1.0,5,0,0,0,0.0,0.0,0.0,1.0,3608.4,2881.0,5307.0,0.01917
gpt_5_5,minimal,50,1.0,1.0,0.0,1.0,1.0,1.0,1.0,1.0,1,0,0,0,0.0,0.0,0.0,1.0,2641.0,2641.0,2641.0,0.0049
gpt_5_5,minimal,51,1.0,1.0,0.0,1.0,1.0,1.0,1.0,1.0,1,0,0,0,0.0,0.0,0.0,1.0,4218.0,4218.0,4218.0,0.005345000000000001
gpt_5_5,minimal,52,1.0,1.0,0.0,1.0,1.0,1.0,1.0,1.0,4,0,0,0,0.0,0.0,0.0,1.0,3606.25,3085.5,5989.749999999999,0.018575
gpt_5_5,minimal,54,0.6666666666666666,0.6666666666666666,0.0,1.0,1.0,1.0,1.0,1.0,2,0,1,0,0.0,0.0,0.0,1.0,3181.3333333333335,3090.0,4401.3,0.014939999999999998
gpt_5_5,minimal,55,1.0,1.0,0.0,1.0,1.0,1.0,1.0,1.0,2,0,0,0,0.0,0.0,0.0,1.0,2885.0,2885.0,3466.4,0.00886
gpt_5_5,minimal,56,1.0,1.0,0.0,1.0,1.0,1.0,1.0,1.0,2,0,0,0,0.0,0.0,0.0,1.0,3749.0,3749.0,5378.9,0.010595
gpt_5_5,minimal,63,1.0,1.0,0.0,1.0,1.0,1.0,1.0,1.0,1,0,0,0,0.0,0.0,0.0,1.0,1882.0,1882.0,1882.0,0.00453
gpt_5_5,minimal,64,1.0,1.0,0.0,1.0,1.0,1.0,1.0,1.0,2,0,0,0,0.0,0.0,0.0,1.0,3523.0,3523.0,3712.0,0.011685000000000001
gpt_5_5,minimal,65,1.0,1.0,0.0,1.0,1.0,1.0,1.0,1.0,1,0,0,0,0.0,0.0,0.0,1.0,4601.0,4601.0,4601.0,0.00605
gpt_5_5,minimal,94,1.0,1.0,0.0,1.0,1.0,1.0,1.0,1.0,2,0,0,0,0.0,0.0,0.0,1.0,4077.0,4077.0,5365.8,0.013645000000000001
gpt_5_5,minimal,99,1.0,1.0,0.0,1.0,1.0,1.0,1.0,1.0,1,0,0,0,0.0,0.0,0.0,1.0,15527.0,15527.0,15527.0,0.009565
gpt_5_5,minimal,185,0.0,0.0,0.0,1.0,1.0,0.0,0.0,0.0,0,0,1,0,0.0,0.0,0.0,1.0,4756.0,4756.0,4756.0,0.01255
gpt_oss_120b,minimal,1,0.6004672897196262,0.6752336448598131,-0.07476635514018692,0.8925233644859814,0.7673638189767222,0.9727626459143969,0.8650519031141869,0.9157509157509158,250,7,132,39,0.050359712230215826,0.13494809688581316,0.0,1.0,4521.698598130841,3192.0,12340.849999999993,0.012157569
gpt_oss_120b,minimal,2,0.6952380952380952,0.8,-0.10476190476190483,0.8476190476190476,0.5962023795216921,0.9657534246575342,0.8392857142857143,0.8980891719745222,141,5,37,27,0.11904761904761904,0.16071428571428573,0.0,1.0,4298.0,3637.5,9419.449999999999,0.006465710999999999
gpt_oss_120b,minimal,3,0.6979166666666666,0.8020833333333334,-0.10416666666666674,0.8958333333333334,0.7222222222222223,1.0,0.8701298701298701,0.9305555555555556,67,0,19,10,0.0,0.12987012987012986,0.0,1.0,4648.947916666667,3396.0,11652.75,0.003062619
gpt_oss_120b,minimal,4,0.7551020408163265,0.8571428571428571,-0.10204081632653061,0.8163265306122449,0.4123917388407727,0.9459459459459459,0.8333333333333334,0.8860759493670887,35,2,5,7,0.2857142857142857,0.16666666666666666,0.0,1.0,4337.6122448979595,3713.0,8615.599999999993,0.001600179
gpt_oss_120b,minimal,5,0.64,0.76,-0.12,0.88,0.7142857142857143,1.0,0.8421052631578947,0.9142857142857143,16,0,6,3,0.0,0.15789473684210525,0.0,1.0,5060.64,3756.0,14143.999999999985,0.000744288
gpt_oss_120b,minimal,6,0.7272727272727273,0.8181818181818182,-0.09090909090909094,0.8484848484848485,0.5686274509803922,0.9583333333333334,0.8518518518518519,0.9019607843137256,23,1,5,4,0.16666666666666666,0.14814814814814814,0.0,1.0,5090.060606060606,3413.0,11752.599999999997,0.001026639
gpt_oss_120b,minimal,7,0.8620689655172413,0.896551724137931,-0.034482758620689724,0.9655172413793104,0.8375350140056024,1.0,0.9615384615384616,0.9803921568627451,25,0,3,1,0.0,0.038461538461538464,0.0,1.0,3759.448275862069,3065.0,8573.199999999997,0.0009442229999999999
gpt_oss_120b,minimal,8,0.8064516129032258,0.9032258064516129,-0.09677419354838712,0.9032258064516129,0.610062893081761,1.0,0.8928571428571429,0.9433962264150945,25,0,3,3,0.0,0.10714285714285714,0.0,1.0,5355.870967741936,3523.0,15021.0,0.001024143
gpt_oss_120b,minimal,9,0.8,0.85,-0.04999999999999993,0.95,0.8268398268398267,1.0,0.9411764705882353,0.9696969696969697,16,0,3,1,0.0,0.058823529411764705,0.0,1.0,4668.9,3148.0,11518.750000000002,0.0006583110000000001
gpt_oss_120b,minimal,10,0.7,0.9,-0.20000000000000007,0.8,0.37499999999999983,1.0,0.7777777777777778,0.8750000000000001,14,0,2,4,0.0,0.2222222222222222,0.0,1.0,5353.1,4935.0,10756.75,0.0007875150000000001
gpt_oss_120b,minimal,11,0.9090909090909091,1.0,-0.09090909090909094,0.9090909090909091,-0.047619047619050114,1.0,0.9090909090909091,0.9523809523809523,10,0,0,1,0.0,0.09090909090909091,0.0,1.0,3116.090909090909,2774.0,6204.5,0.000301059
gpt_oss_120b,minimal,12,1.0,1.0,0.0,1.0,1.0,1.0,1.0,1.0,13,0,0,0,0.0,0.0,0.0,1.0,2991.076923076923,2015.0,10379.8,0.000348699
gpt_oss_120b,minimal,13,0.9285714285714286,0.9285714285714286,0.0,1.0,1.0,1.0,1.0,1.0,13,0,1,0,0.0,0.0,0.0,1.0,3362.8571428571427,2692.0,8368.749999999998,0.000412743
gpt_oss_120b,minimal,14,0.8,0.8666666666666667,-0.06666666666666665,0.9333333333333333,0.76,1.0,0.9230769230769231,0.9600000000000001,12,0,2,1,0.0,0.07692307692307693,0.0,1.0,3483.0666666666666,2572.0,6955.099999999996,0.000450741
gpt_oss_120b,minimal,15,1.0,1.0,0.0,1.0,1.0,1.0,1.0,1.0,12,0,0,0,0.0,0.0,0.0,1.0,4085.9166666666665,3176.0,9168.049999999996,0.000366495
gpt_oss_120b,minimal,16,0.16666666666666666,0.3333333333333333,-0.16666666666666666,0.8333333333333334,0.5555555555555557,1.0,0.5,0.6666666666666666,1,0,4,1,0.0,0.5,0.0,1.0,2401.6666666666665,2301.5,3457.5,0.00018288599999999997
gpt_oss_120b,minimal,17,1.0,1.0,0.0,1.0,1.0,1.0,1.0,1.0,11,0,0,0,0.0,0.0,0.0,1.0,3666.0,2956.0,7485.0,0.00038977200000000004
gpt_oss_120b,minimal,18,0.9230769230769231,0.8461538461538461,0.07692307692307698,0.9230769230769231,0.6231884057971018,0.9166666666666666,1.0,0.9565217391304348,11,1,1,0,0.5,0.0,0.0,1.0,5178.7692307692305,3972.0,12968.59999999998,0.00048320699999999993
gpt_oss_120b,minimal,19,0.6,0.4,0.19999999999999996,0.8,0.6000000000000001,0.6666666666666666,1.0,0.8,2,1,2,0,0.3333333333333333,0.0,0.0,1.0,27487.6,3115.0,99629.79999999999,0.00016257
gpt_oss_120b,minimal,20,1.0,1.0,0.0,1.0,1.0,1.0,1.0,1.0,6,0,0,0,0.0,0.0,0.0,1.0,3954.1666666666665,3479.5,6351.0,0.000189546
gpt_oss_120b,minimal,21,0.75,0.8333333333333334,-0.08333333333333337,0.9166666666666666,0.7473684210526315,1.0,0.9,0.9473684210526316,9,0,2,1,0.0,0.1,0.0,1.0,5708.0,4040.0,12894.749999999998,0.000527265
gpt_oss_120b,minimal,22,0.8,0.8,0.0,1.0,1.0,1.0,1.0,1.0,8,0,2,0,0.0,0.0,0.0,1.0,4628.5,2581.5,13230.899999999989,0.00039058499999999993
gpt_oss_120b,minimal,23,0.8,0.9333333333333333,-0.1333333333333333,0.8666666666666667,0.423076923076923,1.0,0.8571428571428571,0.923076923076923,12,0,1,2,0.0,0.14285714285714285,0.0,1.0,5581.733333333334,4623.0,15413.799999999997,0.000516396
gpt_oss_120b,minimal,24,0.625,0.625,0.0,1.0,1.0,1.0,1.0,1.0,5,0,3,0,0.0,0.0,0.0,1.0,4298.125,3253.5,10344.599999999997,0.000226065
gpt_oss_120b,minimal,25,0.8,0.8,0.0,1.0,1.0,1.0,1.0,1.0,4,0,1,0,0.0,0.0,0.0,1.0,2189.4,1602.0,4507.599999999999,0.00019580099999999998
gpt_oss_120b,minimal,26,1.0,1.0,0.0,1.0,1.0,1.0,1.0,1.0,4,0,0,0,0.0,0.0,0.0,1.0,3155.0,3372.5,4650.2,0.000161868
gpt_oss_120b,minimal,27,1.0,1.0,0.0,1.0,1.0,1.0,1.0,1.0,11,0,0,0,0.0,0.0,0.0,1.0,2806.5454545454545,2850.0,4512.0,0.00038558399999999996
gpt_oss_120b,minimal,28,0.9285714285714286,0.9285714285714286,0.0,1.0,1.0,1.0,1.0,1.0,13,0,1,0,0.0,0.0,0.0,1.0,3308.3571428571427,3204.5,6601.999999999999,0.000492582
gpt_oss_120b,minimal,29,1.0,1.0,0.0,1.0,1.0,1.0,1.0,1.0,3,0,0,0,0.0,0.0,0.0,1.0,2677.6666666666665,2466.0,3431.7,9.155399999999998e-05
gpt_oss_120b,minimal,30,1.0,1.0,0.0,1.0,1.0,1.0,1.0,1.0,5,0,0,0,0.0,0.0,0.0,1.0,4502.6,3980.0,7807.599999999999,0.000234744
gpt_oss_120b,minimal,31,1.0,1.0,0.0,1.0,1.0,1.0,1.0,1.0,7,0,0,0,0.0,0.0,0.0,1.0,2665.0,860.0,7380.399999999998,0.00027770400000000004
gpt_oss_120b,minimal,32,1.0,1.0,0.0,1.0,1.0,1.0,1.0,1.0,2,0,0,0,0.0,0.0,0.0,1.0,3225.5,3225.5,3336.65,4.2945e-05
gpt_oss_120b,minimal,33,1.0,1.0,0.0,1.0,1.0,1.0,1.0,1.0,2,0,0,0,0.0,0.0,0.0,1.0,4242.5,4242.5,5153.75,6.1584e-05
gpt_oss_120b,minimal,35,0.75,1.0,-0.25,0.75,-0.14285714285714285,1.0,0.75,0.8571428571428571,3,0,0,1,0.0,0.25,0.0,1.0,6312.5,6038.0,8979.449999999999,0.000242616
gpt_oss_120b,minimal,36,1.0,1.0,0.0,1.0,1.0,1.0,1.0,1.0,2,0,0,0,0.0,0.0,0.0,1.0,3505.0,3505.0,3694.0,9.543299999999999e-05
gpt_oss_120b,minimal,37,1.0,1.0,0.0,1.0,1.0,1.0,1.0,1.0,6,0,0,0,0.0,0.0,0.0,1.0,3628.3333333333335,3032.5,5912.25,0.000250332
gpt_oss_120b,minimal,38,1.0,1.0,0.0,1.0,1.0,1.0,1.0,1.0,2,0,0,0,0.0,0.0,0.0,1.0,2963.5,2963.5,3200.65,6.9909e-05
gpt_oss_120b,minimal,39,1.0,1.0,0.0,1.0,1.0,1.0,1.0,1.0,1,0,0,0,0.0,0.0,0.0,1.0,2850.0,2850.0,2850.0,3.7983e-05
gpt_oss_120b,minimal,41,1.0,1.0,0.0,1.0,1.0,1.0,1.0,1.0,3,0,0,0,0.0,0.0,0.0,1.0,5416.666666666667,2208.0,10918.199999999999,0.00011735100000000001
gpt_oss_120b,minimal,43,1.0,1.0,0.0,1.0,1.0,1.0,1.0,1.0,2,0,0,0,0.0,0.0,0.0,1.0,7481.5,7481.5,10980.25,9.4377e-05
gpt_oss_120b,minimal,44,1.0,1.0,0.0,1.0,1.0,1.0,1.0,1.0,2,0,0,0,0.0,0.0,0.0,1.0,8196.0,8196.0,14108.099999999999,3.3009e-05
gpt_oss_120b,minimal,45,1.0,1.0,0.0,1.0,1.0,1.0,1.0,1.0,2,0,0,0,0.0,0.0,0.0,1.0,2575.5,2575.5,3495.75,8.7714e-05
gpt_oss_120b,minimal,46,0.6666666666666666,1.0,-0.33333333333333337,0.6666666666666666,-0.20000000000000057,1.0,0.6666666666666666,0.8,2,0,0,1,0.0,0.3333333333333333,0.0,1.0,5993.0,2872.0,12070.0,0.00017898300000000002
gpt_oss_120b,minimal,47,1.0,1.0,0.0,1.0,1.0,1.0,1.0,1.0,1,0,0,0,0.0,0.0,0.0,1.0,3598.0,3598.0,3598.0,4.986e-05
gpt_oss_120b,minimal,48,1.0,1.0,0.0,1.0,1.0,1.0,1.0,1.0,1,0,0,0,0.0,0.0,0.0,1.0,11665.0,11665.0,11665.0,5.5752000000000004e-05
gpt_oss_120b,minimal,49,1.0,1.0,0.0,1.0,1.0,1.0,1.0,1.0,5,0,0,0,0.0,0.0,0.0,1.0,2432.4,2609.0,3145.8,0.00019807199999999998
gpt_oss_120b,minimal,50,1.0,1.0,0.0,1.0,1.0,1.0,1.0,1.0,1,0,0,0,0.0,0.0,0.0,1.0,5014.0,5014.0,5014.0,4.9856999999999994e-05
gpt_oss_120b,minimal,51,1.0,1.0,0.0,1.0,1.0,1.0,1.0,1.0,1,0,0,0,0.0,0.0,0.0,1.0,2751.0,2751.0,2751.0,5.0556e-05
gpt_oss_120b,minimal,52,1.0,1.0,0.0,1.0,1.0,1.0,1.0,1.0,4,0,0,0,0.0,0.0,0.0,1.0,6048.75,3951.0,12210.249999999996,0.000180171
gpt_oss_120b,minimal,54,0.6666666666666666,0.6666666666666666,0.0,1.0,1.0,1.0,1.0,1.0,2,0,1,0,0.0,0.0,0.0,1.0,2398.3333333333335,1325.0,4824.2,0.000128529
gpt_oss_120b,minimal,55,1.0,1.0,0.0,1.0,1.0,1.0,1.0,1.0,2,0,0,0,0.0,0.0,0.0,1.0,5545.0,5545.0,7454.8,9.329399999999999e-05
gpt_oss_120b,minimal,56,1.0,1.0,0.0,1.0,1.0,1.0,1.0,1.0,2,0,0,0,0.0,0.0,0.0,1.0,3172.0,3172.0,4951.3,7.7076e-05
gpt_oss_120b,minimal,63,1.0,1.0,0.0,1.0,1.0,1.0,1.0,1.0,1,0,0,0,0.0,0.0,0.0,1.0,2280.0,2280.0,2280.0,4.1957999999999994e-05
gpt_oss_120b,minimal,64,1.0,1.0,0.0,1.0,1.0,1.0,1.0,1.0,2,0,0,0,0.0,0.0,0.0,1.0,5439.0,5439.0,7007.7,8.5536e-05
gpt_oss_120b,minimal,65,1.0,1.0,0.0,1.0,1.0,1.0,1.0,1.0,1,0,0,0,0.0,0.0,0.0,1.0,3364.0,3364.0,3364.0,3.4401e-05
gpt_oss_120b,minimal,94,1.0,1.0,0.0,1.0,1.0,1.0,1.0,1.0,2,0,0,0,0.0,0.0,0.0,1.0,4269.5,4269.5,6083.45,0.00010448099999999999
gpt_oss_120b,minimal,99,1.0,1.0,0.0,1.0,1.0,1.0,1.0,1.0,1,0,0,0,0.0,0.0,0.0,1.0,2761.0,2761.0,2761.0,8.7792e-05
gpt_oss_120b,minimal,185,0.0,0.0,0.0,1.0,1.0,0.0,0.0,0.0,0,0,1,0,0.0,0.0,0.0,1.0,4076.0,4076.0,4076.0,0.00010458599999999999
grok_4_3,minimal,1,0.633177570093458,0.6752336448598131,-0.04205607476635509,0.9205607476635514,0.8244208494208495,0.9704797047970479,0.9100346020761245,0.9392857142857142,263,8,131,26,0.05755395683453238,0.08996539792387544,0.0,1.0,5450.6355140186915,4566.0,11107.65,0.44922745
grok_4_3,minimal,2,0.719047619047619,0.8,-0.080952380952381,0.8809523809523809,0.6741053415686395,0.9735099337748344,0.875,0.9216300940438872,147,4,38,21,0.09523809523809523,0.125,0.0,1.0,5664.966666666666,4810.0,11691.65,0.22428479999999998
grok_4_3,minimal,3,0.7395833333333334,0.8020833333333334,-0.0625,0.9166666666666666,0.7641277641277641,0.9859154929577465,0.9090909090909091,0.9459459459459459,70,1,18,7,0.05263157894736842,0.09090909090909091,0.0,1.0,5664.40625,4786.0,11109.25,0.09941830000000001
grok_4_3,minimal,4,0.7959183673469388,0.8571428571428571,-0.061224489795918324,0.8979591836734694,0.644153957879448,0.9743589743589743,0.9047619047619048,0.9382716049382716,38,1,6,4,0.14285714285714285,0.09523809523809523,0.0,1.0,5661.142857142857,4189.0,14090.799999999983,0.0519807
grok_4_3,minimal,5,0.72,0.76,-0.040000000000000036,0.96,0.8960498960498959,1.0,0.9473684210526315,0.972972972972973,18,0,6,1,0.0,0.05263157894736842,0.0,1.0,5545.12,5226.0,10401.8,0.028188750000000002
grok_4_3,minimal,6,0.8181818181818182,0.8181818181818182,0.0,0.9393939393939394,0.7962962962962964,0.9629629629629629,0.9629629629629629,0.9629629629629629,26,1,5,1,0.16666666666666666,0.037037037037037035,0.0,1.0,5354.030303030303,4841.0,11098.799999999994,0.035384849999999995
grok_4_3,minimal,7,0.8620689655172413,0.896551724137931,-0.034482758620689724,0.9655172413793104,0.8375350140056024,1.0,0.9615384615384616,0.9803921568627451,25,0,3,1,0.0,0.038461538461538464,0.0,1.0,4708.758620689655,4437.0,8585.0,0.030626149999999998
grok_4_3,minimal,8,0.7741935483870968,0.9032258064516129,-0.12903225806451613,0.8709677419354839,0.5230769230769229,1.0,0.8571428571428571,0.923076923076923,24,0,3,4,0.0,0.14285714285714285,0.0,1.0,5611.8387096774195,5312.0,9410.5,0.034908
grok_4_3,minimal,9,0.8,0.85,-0.04999999999999993,0.95,0.8268398268398267,1.0,0.9411764705882353,0.9696969696969697,16,0,3,1,0.0,0.058823529411764705,0.0,1.0,5575.25,4431.0,11788.550000000001,0.023677650000000005
grok_4_3,minimal,10,0.8,0.9,-0.09999999999999998,0.9,0.6078431372549022,1.0,0.8888888888888888,0.9411764705882353,16,0,2,2,0.0,0.1111111111111111,0.0,1.0,5430.55,5393.0,9280.55,0.0244945
grok_4_3,minimal,11,1.0,1.0,0.0,1.0,1.0,1.0,1.0,1.0,11,0,0,0,0.0,0.0,0.0,1.0,5754.818181818182,4826.0,11705.0,0.010990349999999998
grok_4_3,minimal,12,1.0,1.0,0.0,1.0,1.0,1.0,1.0,1.0,13,0,0,0,0.0,0.0,0.0,1.0,4489.384615384615,5002.0,6105.599999999999,0.014294049999999999
grok_4_3,minimal,13,0.9285714285714286,0.9285714285714286,0.0,1.0,1.0,1.0,1.0,1.0,13,0,1,0,0.0,0.0,0.0,1.0,5811.142857142857,5507.5,10667.349999999999,0.013519100000000003
grok_4_3,minimal,14,0.8,0.8666666666666667,-0.06666666666666665,0.9333333333333333,0.76,1.0,0.9230769230769231,0.9600000000000001,12,0,2,1,0.0,0.07692307692307693,0.0,1.0,4382.733333333334,3903.0,8692.199999999995,0.01537405
grok_4_3,minimal,15,1.0,1.0,0.0,1.0,1.0,1.0,1.0,1.0,12,0,0,0,0.0,0.0,0.0,1.0,4340.75,3928.5,7366.549999999999,0.0146672
grok_4_3,minimal,16,0.16666666666666666,0.3333333333333333,-0.16666666666666666,0.8333333333333334,0.5555555555555557,1.0,0.5,0.6666666666666666,1,0,4,1,0.0,0.5,0.0,1.0,5885.166666666667,5715.5,8619.0,0.0065261
grok_4_3,minimal,17,1.0,1.0,0.0,1.0,1.0,1.0,1.0,1.0,11,0,0,0,0.0,0.0,0.0,1.0,3866.6363636363635,3450.0,5517.0,0.01202785
grok_4_3,minimal,18,0.8461538461538461,0.8461538461538461,0.0,1.0,1.0,1.0,1.0,1.0,11,0,2,0,0.0,0.0,0.0,1.0,5657.2307692307695,4482.0,10113.599999999995,0.01531375
grok_4_3,minimal,19,0.6,0.4,0.19999999999999996,0.8,0.6000000000000001,0.6666666666666666,1.0,0.8,2,1,2,0,0.3333333333333333,0.0,0.0,1.0,4649.8,4341.0,6884.999999999999,0.00619425
grok_4_3,minimal,20,1.0,1.0,0.0,1.0,1.0,1.0,1.0,1.0,6,0,0,0,0.0,0.0,0.0,1.0,5917.666666666667,4555.0,10001.25,0.006501099999999999
grok_4_3,minimal,21,0.8333333333333334,0.8333333333333334,0.0,1.0,1.0,1.0,1.0,1.0,10,0,2,0,0.0,0.0,0.0,1.0,6289.5,6375.0,10460.699999999999,0.015140950000000002
grok_4_3,minimal,22,0.8,0.8,0.0,1.0,1.0,1.0,1.0,1.0,8,0,2,0,0.0,0.0,0.0,1.0,5676.3,5622.0,8397.75,0.01209475
grok_4_3,minimal,23,0.8666666666666667,0.9333333333333333,-0.06666666666666665,0.9333333333333333,0.6296296296296295,1.0,0.9285714285714286,0.962962962962963,13,0,1,1,0.0,0.07142857142857142,0.0,1.0,5223.4,4995.0,9789.3,0.018481499999999998
grok_4_3,minimal,24,0.625,0.625,0.0,1.0,1.0,1.0,1.0,1.0,5,0,3,0,0.0,0.0,0.0,1.0,5585.75,5042.0,9241.199999999999,0.009028900000000001
grok_4_3,minimal,25,0.8,0.8,0.0,1.0,1.0,1.0,1.0,1.0,4,0,1,0,0.0,0.0,0.0,1.0,6148.0,4419.0,9868.4,0.0060155
grok_4_3,minimal,26,1.0,1.0,0.0,1.0,1.0,1.0,1.0,1.0,4,0,0,0,0.0,0.0,0.0,1.0,7167.5,7309.5,9361.55,0.00564365
grok_4_3,minimal,27,1.0,1.0,0.0,1.0,1.0,1.0,1.0,1.0,11,0,0,0,0.0,0.0,0.0,1.0,4454.636363636364,4030.0,6995.0,0.0124041
grok_4_3,minimal,28,0.9285714285714286,0.9285714285714286,0.0,1.0,1.0,1.0,1.0,1.0,13,0,1,0,0.0,0.0,0.0,1.0,4508.928571428572,2691.0,10361.899999999998,0.01676465
grok_4_3,minimal,29,1.0,1.0,0.0,1.0,1.0,1.0,1.0,1.0,3,0,0,0,0.0,0.0,0.0,1.0,2259.6666666666665,2314.0,2411.2,0.0031567999999999995
grok_4_3,minimal,30,1.0,1.0,0.0,1.0,1.0,1.0,1.0,1.0,5,0,0,0,0.0,0.0,0.0,1.0,3774.4,3673.0,5402.599999999999,0.005828
grok_4_3,minimal,31,1.0,1.0,0.0,1.0,1.0,1.0,1.0,1.0,7,0,0,0,0.0,0.0,0.0,1.0,4049.285714285714,3189.0,7124.5999999999985,0.008415450000000001
grok_4_3,minimal,32,1.0,1.0,0.0,1.0,1.0,1.0,1.0,1.0,2,0,0,0,0.0,0.0,0.0,1.0,3718.0,3718.0,3866.5,0.0013706
grok_4_3,minimal,33,1.0,1.0,0.0,1.0,1.0,1.0,1.0,1.0,2,0,0,0,0.0,0.0,0.0,1.0,3647.5,3647.5,4948.45,0.0022586999999999998
grok_4_3,minimal,35,1.0,1.0,0.0,1.0,1.0,1.0,1.0,1.0,4,0,0,0,0.0,0.0,0.0,1.0,6594.5,6373.0,8287.849999999999,0.0062474
grok_4_3,minimal,36,1.0,1.0,0.0,1.0,1.0,1.0,1.0,1.0,2,0,0,0,0.0,0.0,0.0,1.0,5241.0,5241.0,6532.5,0.00238245
grok_4_3,minimal,37,1.0,1.0,0.0,1.0,1.0,1.0,1.0,1.0,6,0,0,0,0.0,0.0,0.0,1.0,4266.666666666667,4233.5,6824.0,0.00781985
grok_4_3,minimal,38,1.0,1.0,0.0,1.0,1.0,1.0,1.0,1.0,2,0,0,0,0.0,0.0,0.0,1.0,7746.5,7746.5,8290.55,0.00258745
grok_4_3,minimal,39,1.0,1.0,0.0,1.0,1.0,1.0,1.0,1.0,1,0,0,0,0.0,0.0,0.0,1.0,3255.0,3255.0,3255.0,0.00114685
grok_4_3,minimal,41,1.0,1.0,0.0,1.0,1.0,1.0,1.0,1.0,3,0,0,0,0.0,0.0,0.0,1.0,3283.0,3638.0,4223.0,0.0035717999999999995
grok_4_3,minimal,43,1.0,1.0,0.0,1.0,1.0,1.0,1.0,1.0,2,0,0,0,0.0,0.0,0.0,1.0,10810.5,10810.5,19317.75,0.0048237
grok_4_3,minimal,44,1.0,1.0,0.0,1.0,1.0,1.0,1.0,1.0,2,0,0,0,0.0,0.0,0.0,1.0,5540.0,5540.0,6003.5,0.00163935
grok_4_3,minimal,45,1.0,1.0,0.0,1.0,1.0,1.0,1.0,1.0,2,0,0,0,0.0,0.0,0.0,1.0,3082.5,3082.5,3602.25,0.00247245
grok_4_3,minimal,46,1.0,1.0,0.0,1.0,1.0,1.0,1.0,1.0,3,0,0,0,0.0,0.0,0.0,1.0,8634.666666666666,10625.0,13016.3,0.006004000000000001
grok_4_3,minimal,47,1.0,1.0,0.0,1.0,1.0,1.0,1.0,1.0,1,0,0,0,0.0,0.0,0.0,1.0,3895.0,3895.0,3895.0,0.0014743500000000001
grok_4_3,minimal,48,1.0,1.0,0.0,1.0,1.0,1.0,1.0,1.0,1,0,0,0,0.0,0.0,0.0,1.0,1618.0,1618.0,1618.0,0.00178435
grok_4_3,minimal,49,1.0,1.0,0.0,1.0,1.0,1.0,1.0,1.0,5,0,0,0,0.0,0.0,0.0,1.0,3319.6,2488.0,6455.599999999999,0.005099899999999999
grok_4_3,minimal,50,1.0,1.0,0.0,1.0,1.0,1.0,1.0,1.0,1,0,0,0,0.0,0.0,0.0,1.0,5204.0,5204.0,5204.0,0.0014443499999999998
grok_4_3,minimal,51,1.0,1.0,0.0,1.0,1.0,1.0,1.0,1.0,1,0,0,0,0.0,0.0,0.0,1.0,1917.0,1917.0,1917.0,0.0015228
grok_4_3,minimal,52,1.0,1.0,0.0,1.0,1.0,1.0,1.0,1.0,4,0,0,0,0.0,0.0,0.0,1.0,3926.0,3365.5,6170.299999999999,0.005686149999999999
grok_4_3,minimal,54,0.6666666666666666,0.6666666666666666,0.0,1.0,1.0,1.0,1.0,1.0,2,0,1,0,0.0,0.0,0.0,1.0,5942.333333333333,6039.0,6745.5,0.0045043
grok_4_3,minimal,55,1.0,1.0,0.0,1.0,1.0,1.0,1.0,1.0,2,0,0,0,0.0,0.0,0.0,1.0,2900.5,2900.5,3698.35,0.0026324499999999997
grok_4_3,minimal,56,1.0,1.0,0.0,1.0,1.0,1.0,1.0,1.0,2,0,0,0,0.0,0.0,0.0,1.0,5337.5,5337.5,5405.45,0.00283495
grok_4_3,minimal,63,1.0,1.0,0.0,1.0,1.0,1.0,1.0,1.0,1,0,0,0,0.0,0.0,0.0,1.0,3363.0,3363.0,3363.0,0.0016081
grok_4_3,minimal,64,1.0,1.0,0.0,1.0,1.0,1.0,1.0,1.0,2,0,0,0,0.0,0.0,0.0,1.0,10763.5,10763.5,15479.05,0.00320495
grok_4_3,minimal,65,1.0,1.0,0.0,1.0,1.0,1.0,1.0,1.0,1,0,0,0,0.0,0.0,0.0,1.0,11489.0,11489.0,11489.0,0.0023356
grok_4_3,minimal,94,1.0,1.0,0.0,1.0,1.0,1.0,1.0,1.0,2,0,0,0,0.0,0.0,0.0,1.0,4702.0,4702.0,6194.2,0.0036124499999999997
grok_4_3,minimal,99,1.0,1.0,0.0,1.0,1.0,1.0,1.0,1.0,1,0,0,0,0.0,0.0,0.0,1.0,4534.0,4534.0,4534.0,0.0026218500000000002
grok_4_3,minimal,185,0.0,0.0,0.0,1.0,1.0,0.0,0.0,0.0,0,0,1,0,0.0,0.0,0.0,1.0,6899.0,6899.0,6899.0,0.0034931
nemotron_3_super,minimal,1,0.6238317757009346,0.6752336448598131,-0.051401869158878455,0.8878504672897196,0.7536690647482014,0.951310861423221,0.8788927335640139,0.9136690647482015,254,13,126,35,0.09352517985611511,0.12110726643598616,0.0,1.0,3755.233644859813,2283.5,11389.849999999991,0.02207592
nemotron_3_super,minimal,2,0.719047619047619,0.8,-0.080952380952381,0.8238095238095238,0.5176759055215865,0.9337748344370861,0.8392857142857143,0.884012539184953,141,10,32,27,0.23809523809523808,0.16071428571428573,0.0,1.0,3737.1428571428573,2498.0,9956.649999999992,0.013187790000000001
nemotron_3_super,minimal,3,0.7395833333333334,0.8020833333333334,-0.0625,0.8958333333333334,0.7051597051597053,0.971830985915493,0.8961038961038961,0.9324324324324325,69,2,17,8,0.10526315789473684,0.1038961038961039,0.0,1.0,4500.958333333333,2888.5,12750.75,0.005656860000000001
nemotron_3_super,minimal,4,0.7142857142857143,0.8571428571428571,-0.1428571428571428,0.8163265306122449,0.45454545454545464,0.9714285714285714,0.8095238095238095,0.8831168831168832,34,1,6,8,0.14285714285714285,0.19047619047619047,0.0,1.0,4560.0204081632655,3429.0,12590.0,0.0034542
nemotron_3_super,minimal,5,0.68,0.76,-0.07999999999999996,0.84,0.6031746031746031,0.9411764705882353,0.8421052631578947,0.8888888888888888,16,1,5,3,0.16666666666666666,0.15789473684210525,0.0,1.0,3936.12,2939.0,9252.999999999996,0.001674
nemotron_3_super,minimal,6,0.696969696969697,0.8181818181818182,-0.12121212121212122,0.8181818181818182,0.5050000000000002,0.9565217391304348,0.8148148148148148,0.8800000000000001,22,1,5,5,0.16666666666666666,0.18518518518518517,0.0,1.0,5247.030303030303,5127.0,11109.799999999994,0.00217008
nemotron_3_super,minimal,7,0.7931034482758621,0.896551724137931,-0.10344827586206895,0.896551724137931,0.6054421768707482,1.0,0.8846153846153846,0.9387755102040816,23,0,3,3,0.0,0.11538461538461539,0.0,1.0,4456.758620689655,2786.0,13251.199999999997,0.0018815400000000001
nemotron_3_super,minimal,8,0.8064516129032258,0.9032258064516129,-0.09677419354838712,0.8387096774193549,0.3501048218029353,0.96,0.8571428571428571,0.9056603773584904,24,1,2,4,0.3333333333333333,0.14285714285714285,0.0,1.0,6456.8387096774195,4310.0,15539.0,0.0018276300000000002
nemotron_3_super,minimal,9,0.8,0.85,-0.04999999999999993,0.95,0.8268398268398267,1.0,0.9411764705882353,0.9696969696969697,16,0,3,1,0.0,0.058823529411764705,0.0,1.0,5457.45,4209.5,12435.050000000003,0.00097443
nemotron_3_super,minimal,10,0.8,0.9,-0.09999999999999998,0.9,0.6078431372549022,1.0,0.8888888888888888,0.9411764705882353,16,0,2,2,0.0,0.1111111111111111,0.0,1.0,4491.35,3091.5,16207.65,0.0014053499999999999
nemotron_3_super,minimal,11,1.0,1.0,0.0,1.0,1.0,1.0,1.0,1.0,11,0,0,0,0.0,0.0,0.0,1.0,4646.0,3729.0,9376.0,0.0009198899999999999
nemotron_3_super,minimal,12,1.0,1.0,0.0,1.0,1.0,1.0,1.0,1.0,13,0,0,0,0.0,0.0,0.0,1.0,4150.2307692307695,2807.0,10368.99999999999,0.0008599499999999998
nemotron_3_super,minimal,13,0.9285714285714286,0.9285714285714286,0.0,0.8571428571428571,-0.07692307692307698,0.9230769230769231,0.9230769230769231,0.9230769230769231,12,1,0,1,1.0,0.07692307692307693,0.0,1.0,6657.214285714285,4406.0,15904.349999999999,0.0008485200000000001
nemotron_3_super,minimal,14,0.8,0.8666666666666667,-0.06666666666666665,0.9333333333333333,0.76,1.0,0.9230769230769231,0.9600000000000001,12,0,2,1,0.0,0.07692307692307693,0.0,1.0,3048.6,2341.0,7323.5999999999985,0.0008732699999999999
nemotron_3_super,minimal,15,1.0,1.0,0.0,1.0,1.0,1.0,1.0,1.0,12,0,0,0,0.0,0.0,0.0,1.0,4520.416666666667,4404.0,8707.6,0.00069129
nemotron_3_super,minimal,16,0.16666666666666666,0.3333333333333333,-0.16666666666666666,0.8333333333333334,0.5555555555555557,1.0,0.5,0.6666666666666666,1,0,4,1,0.0,0.5,0.0,1.0,4687.5,1948.0,13616.25,0.0005192999999999999
nemotron_3_super,minimal,17,1.0,1.0,0.0,1.0,1.0,1.0,1.0,1.0,11,0,0,0,0.0,0.0,0.0,1.0,7032.454545454545,4412.0,17090.0,0.0008765099999999998
nemotron_3_super,minimal,18,0.8461538461538461,0.8461538461538461,0.0,1.0,1.0,1.0,1.0,1.0,11,0,2,0,0.0,0.0,0.0,1.0,6224.615384615385,4399.0,16078.199999999995,0.0009296999999999999
nemotron_3_super,minimal,19,0.6,0.4,0.19999999999999996,0.8,0.6000000000000001,0.6666666666666666,1.0,0.8,2,1,2,0,0.3333333333333333,0.0,0.0,1.0,5227.0,4048.0,9823.599999999999,0.0003501
nemotron_3_super,minimal,20,1.0,1.0,0.0,1.0,1.0,1.0,1.0,1.0,6,0,0,0,0.0,0.0,0.0,1.0,4282.833333333333,4404.5,5755.25,0.00030906
nemotron_3_super,minimal,21,0.8333333333333334,0.8333333333333334,0.0,1.0,1.0,1.0,1.0,1.0,10,0,2,0,0.0,0.0,0.0,1.0,5314.25,4103.0,11438.499999999998,0.0009806399999999999
nemotron_3_super,minimal,22,0.8,0.8,0.0,1.0,1.0,1.0,1.0,1.0,8,0,2,0,0.0,0.0,0.0,1.0,2656.4,2261.5,5927.149999999994,0.00082233
nemotron_3_super,minimal,23,0.8666666666666667,0.9333333333333333,-0.06666666666666665,0.9333333333333333,0.6296296296296295,1.0,0.9285714285714286,0.962962962962963,13,0,1,1,0.0,0.07142857142857142,0.0,1.0,3798.866666666667,2694.0,12963.899999999996,0.00095157
nemotron_3_super,minimal,24,0.625,0.625,0.0,1.0,1.0,1.0,1.0,1.0,5,0,3,0,0.0,0.0,0.0,1.0,5766.0,4939.5,12501.099999999997,0.00045233999999999997
nemotron_3_super,minimal,25,0.8,0.8,0.0,1.0,1.0,1.0,1.0,1.0,4,0,1,0,0.0,0.0,0.0,1.0,5477.2,3024.0,12903.399999999998,0.00053424
nemotron_3_super,minimal,26,1.0,1.0,0.0,1.0,1.0,1.0,1.0,1.0,4,0,0,0,0.0,0.0,0.0,1.0,2398.75,2532.5,3177.6,0.00019503
nemotron_3_super,minimal,27,1.0,1.0,0.0,1.0,1.0,1.0,1.0,1.0,11,0,0,0,0.0,0.0,0.0,1.0,5729.454545454545,4881.0,14210.0,0.00085986
nemotron_3_super,minimal,28,0.9285714285714286,0.9285714285714286,0.0,1.0,1.0,1.0,1.0,1.0,13,0,1,0,0.0,0.0,0.0,1.0,2282.4285714285716,1782.5,5192.749999999999,0.0010243799999999999
nemotron_3_super,minimal,29,1.0,1.0,0.0,1.0,1.0,1.0,1.0,1.0,3,0,0,0,0.0,0.0,0.0,1.0,3933.6666666666665,1931.0,8213.0,0.00025047
nemotron_3_super,minimal,30,1.0,1.0,0.0,1.0,1.0,1.0,1.0,1.0,5,0,0,0,0.0,0.0,0.0,1.0,4659.4,5845.0,7502.0,0.00034884
nemotron_3_super,minimal,31,1.0,1.0,0.0,1.0,1.0,1.0,1.0,1.0,7,0,0,0,0.0,0.0,0.0,1.0,2495.5714285714284,2069.0,5109.099999999999,0.0005148
nemotron_3_super,minimal,32,1.0,1.0,0.0,1.0,1.0,1.0,1.0,1.0,2,0,0,0,0.0,0.0,0.0,1.0,8203.0,8203.0,9222.7,5.445e-05
nemotron_3_super,minimal,33,1.0,1.0,0.0,1.0,1.0,1.0,1.0,1.0,2,0,0,0,0.0,0.0,0.0,1.0,2300.0,2300.0,3190.1,0.0001116
nemotron_3_super,minimal,35,1.0,1.0,0.0,1.0,1.0,1.0,1.0,1.0,4,0,0,0,0.0,0.0,0.0,1.0,4806.75,4683.0,6431.299999999999,0.00031581000000000003
nemotron_3_super,minimal,36,1.0,1.0,0.0,1.0,1.0,1.0,1.0,1.0,2,0,0,0,0.0,0.0,0.0,1.0,1819.0,1819.0,1942.3,0.0001692
nemotron_3_super,minimal,37,1.0,1.0,0.0,1.0,1.0,1.0,1.0,1.0,6,0,0,0,0.0,0.0,0.0,1.0,2761.3333333333335,2292.0,4584.0,0.0004608
nemotron_3_super,minimal,38,1.0,1.0,0.0,1.0,1.0,1.0,1.0,1.0,2,0,0,0,0.0,0.0,0.0,1.0,4838.0,4838.0,4875.8,0.00012033000000000001
nemotron_3_super,minimal,39,1.0,1.0,0.0,1.0,1.0,1.0,1.0,1.0,1,0,0,0,0.0,0.0,0.0,1.0,3990.0,3990.0,3990.0,5.553e-05
nemotron_3_super,minimal,41,1.0,1.0,0.0,1.0,1.0,1.0,1.0,1.0,3,0,0,0,0.0,0.0,0.0,1.0,2749.3333333333335,1082.0,5676.5,0.00031733999999999994
nemotron_3_super,minimal,43,1.0,1.0,0.0,1.0,1.0,1.0,1.0,1.0,2,0,0,0,0.0,0.0,0.0,1.0,7037.5,7037.5,12277.75,0.00018351
nemotron_3_super,minimal,44,1.0,1.0,0.0,1.0,1.0,1.0,1.0,1.0,2,0,0,0,0.0,0.0,0.0,1.0,4422.5,4422.5,6104.15,0.00029195999999999996
nemotron_3_super,minimal,45,1.0,1.0,0.0,1.0,1.0,1.0,1.0,1.0,2,0,0,0,0.0,0.0,0.0,1.0,1046.5,1046.5,1166.65,0.00014418
nemotron_3_super,minimal,46,1.0,1.0,0.0,1.0,1.0,1.0,1.0,1.0,3,0,0,0,0.0,0.0,0.0,1.0,2541.3333333333335,2062.0,4525.3,0.00018828
nemotron_3_super,minimal,47,1.0,1.0,0.0,1.0,1.0,1.0,1.0,1.0,1,0,0,0,0.0,0.0,0.0,1.0,1824.0,1824.0,1824.0,7.119e-05
nemotron_3_super,minimal,48,1.0,1.0,0.0,1.0,1.0,1.0,1.0,1.0,1,0,0,0,0.0,0.0,0.0,1.0,1900.0,1900.0,1900.0,0.00013887
nemotron_3_super,minimal,49,1.0,1.0,0.0,1.0,1.0,1.0,1.0,1.0,5,0,0,0,0.0,0.0,0.0,1.0,4060.2,4073.0,7122.4,0.0003708
nemotron_3_super,minimal,50,1.0,1.0,0.0,1.0,1.0,1.0,1.0,1.0,1,0,0,0,0.0,0.0,0.0,1.0,5183.0,5183.0,5183.0,0.00010763999999999999
nemotron_3_super,minimal,51,1.0,1.0,0.0,1.0,1.0,1.0,1.0,1.0,1,0,0,0,0.0,0.0,0.0,1.0,13770.0,13770.0,13770.0,0.00019746
nemotron_3_super,minimal,52,1.0,1.0,0.0,1.0,1.0,1.0,1.0,1.0,4,0,0,0,0.0,0.0,0.0,1.0,4225.25,3315.5,8896.249999999998,0.00052569
nemotron_3_super,minimal,54,0.6666666666666666,0.6666666666666666,0.0,1.0,1.0,1.0,1.0,1.0,2,0,1,0,0.0,0.0,0.0,1.0,1773.3333333333333,2215.0,2311.3,0.00019853999999999998
nemotron_3_super,minimal,55,1.0,1.0,0.0,1.0,1.0,1.0,1.0,1.0,2,0,0,0,0.0,0.0,0.0,1.0,4019.0,4019.0,6350.0,0.00023058
nemotron_3_super,minimal,56,1.0,1.0,0.0,1.0,1.0,1.0,1.0,1.0,2,0,0,0,0.0,0.0,0.0,1.0,2666.0,2666.0,2778.5,0.00014832
nemotron_3_super,minimal,63,1.0,1.0,0.0,1.0,1.0,1.0,1.0,1.0,1,0,0,0,0.0,0.0,0.0,1.0,4240.0,4240.0,4240.0,6.696e-05
nemotron_3_super,minimal,64,1.0,1.0,0.0,1.0,1.0,1.0,1.0,1.0,2,0,0,0,0.0,0.0,0.0,1.0,1289.0,1289.0,1343.0,0.00029205
nemotron_3_super,minimal,65,1.0,1.0,0.0,1.0,1.0,1.0,1.0,1.0,1,0,0,0,0.0,0.0,0.0,1.0,953.0,953.0,953.0,0.00012663000000000003
nemotron_3_super,minimal,94,1.0,1.0,0.0,1.0,1.0,1.0,1.0,1.0,2,0,0,0,0.0,0.0,0.0,1.0,8215.0,8215.0,10662.1,0.00027081
nemotron_3_super,minimal,99,1.0,1.0,0.0,1.0,1.0,1.0,1.0,1.0,1,0,0,0,0.0,0.0,0.0,1.0,2306.0,2306.0,2306.0,0.00026433
nemotron_3_super,minimal,185,0.0,0.0,0.0,1.0,1.0,0.0,0.0,0.0,0,0,1,0,0.0,0.0,0.0,1.0,2566.0,2566.0,2566.0,0.00019386
qwen_3_6_max,minimal,1,0.7313084112149533,0.6752336448598131,0.05607476635514019,0.9018691588785047,0.7648782274308735,0.8945686900958466,0.9688581314878892,0.930232558139535,280,33,106,9,0.23741007194244604,0.031141868512110725,0.0,1.0,24726.91355140187,20787.5,58713.0499999999,2.1540116000000005
qwen_3_6_max,minimal,2,0.8047619047619048,0.8,0.004761904761904745,0.9285714285714286,0.7747667226770585,0.9526627218934911,0.9583333333333334,0.9554896142433236,161,8,34,7,0.19047619047619047,0.041666666666666664,0.0,1.0,24670.371428571427,21224.0,52865.44999999992,1.06373176
qwen_3_6_max,minimal,3,0.8229166666666666,0.8020833333333334,0.02083333333333326,0.9583333333333334,0.8632478632478634,0.9620253164556962,0.987012987012987,0.9743589743589742,76,3,16,1,0.15789473684210525,0.012987012987012988,0.0,1.0,22393.458333333332,20690.0,45409.25,0.46831512
qwen_3_6_max,minimal,4,0.8367346938775511,0.8571428571428571,-0.020408163265306034,0.8979591836734694,0.6064257028112447,0.9512195121951219,0.9285714285714286,0.9397590361445782,39,2,5,3,0.2857142857142857,0.07142857142857142,0.0,1.0,20200.448979591838,20557.0,36449.2,0.22371544000000002
qwen_3_6_max,minimal,5,0.76,0.76,0.0,1.0,1.0,1.0,1.0,1.0,19,0,6,0,0.0,0.0,0.0,1.0,19070.56,18597.0,39424.79999999998,0.11328824000000001
qwen_3_6_max,minimal,6,0.8484848484848485,0.8181818181818182,0.030303030303030276,0.9696969696969697,0.890909090909091,0.9642857142857143,1.0,0.9818181818181818,27,1,5,0,0.16666666666666666,0.0,0.0,1.0,18218.666666666668,17660.0,33959.59999999999,0.13544440000000002
qwen_3_6_max,minimal,7,0.9310344827586207,0.896551724137931,0.03448275862068961,0.9655172413793104,0.7811320754716982,0.9629629629629629,1.0,0.9811320754716981,26,1,2,0,0.3333333333333333,0.0,0.0,1.0,20496.724137931036,19361.0,32461.99999999999,0.12967032
qwen_3_6_max,minimal,8,0.8709677419354839,0.9032258064516129,-0.032258064516129004,0.967741935483871,0.838961038961039,1.0,0.9642857142857143,0.9818181818181818,27,0,3,1,0.0,0.03571428571428571,0.0,1.0,20472.58064516129,18070.0,40244.5,0.13608815999999999
qwen_3_6_max,minimal,9,0.85,0.85,0.0,1.0,1.0,1.0,1.0,1.0,17,0,3,0,0.0,0.0,0.0,1.0,20483.65,22211.5,33867.9,0.10208952000000002
qwen_3_6_max,minimal,10,0.95,0.9,0.04999999999999993,0.95,0.6396396396396391,0.9473684210526315,1.0,0.972972972972973,18,1,1,0,0.5,0.0,0.0,1.0,23586.9,21604.5,44139.5,0.10531976
qwen_3_6_max,minimal,11,1.0,1.0,0.0,1.0,1.0,1.0,1.0,1.0,11,0,0,0,0.0,0.0,0.0,1.0,18987.81818181818,19479.0,26505.0,0.05023096000000001
qwen_3_6_max,minimal,12,1.0,1.0,0.0,1.0,1.0,1.0,1.0,1.0,13,0,0,0,0.0,0.0,0.0,1.0,13674.846153846154,9109.0,23671.199999999997,0.043790239999999994
qwen_3_6_max,minimal,13,0.9285714285714286,0.9285714285714286,0.0,1.0,1.0,1.0,1.0,1.0,13,0,1,0,0.0,0.0,0.0,1.0,19770.214285714286,16817.5,44207.2,0.052594880000000004
qwen_3_6_max,minimal,14,0.8666666666666667,0.8666666666666667,0.0,1.0,1.0,1.0,1.0,1.0,13,0,2,0,0.0,0.0,0.0,1.0,19206.0,19532.0,28982.199999999993,0.06465472
qwen_3_6_max,minimal,15,1.0,1.0,0.0,1.0,1.0,1.0,1.0,1.0,12,0,0,0,0.0,0.0,0.0,1.0,14695.25,11937.5,30803.549999999996,0.0428116
qwen_3_6_max,minimal,16,0.16666666666666666,0.3333333333333333,-0.16666666666666666,0.8333333333333334,0.5555555555555557,1.0,0.5,0.6666666666666666,1,0,4,1,0.0,0.5,0.0,1.0,19016.0,17375.0,28500.5,0.027957280000000004
qwen_3_6_max,minimal,17,1.0,1.0,0.0,1.0,1.0,1.0,1.0,1.0,11,0,0,0,0.0,0.0,0.0,1.0,16839.545454545456,18518.0,27963.0,0.04540432
qwen_3_6_max,minimal,18,0.8461538461538461,0.8461538461538461,0.0,1.0,1.0,1.0,1.0,1.0,11,0,2,0,0.0,0.0,0.0,1.0,17616.46153846154,19222.0,35747.79999999998,0.05108792
qwen_3_6_max,minimal,19,0.6,0.4,0.19999999999999996,0.8,0.6000000000000001,0.6666666666666666,1.0,0.8,2,1,2,0,0.3333333333333333,0.0,0.0,1.0,16491.8,20228.0,27127.6,0.02079064
qwen_3_6_max,minimal,20,1.0,1.0,0.0,1.0,1.0,1.0,1.0,1.0,6,0,0,0,0.0,0.0,0.0,1.0,16890.666666666668,16524.0,23580.0,0.02582216
qwen_3_6_max,minimal,21,0.8333333333333334,0.8333333333333334,0.0,1.0,1.0,1.0,1.0,1.0,10,0,2,0,0.0,0.0,0.0,1.0,16773.583333333332,15688.0,30904.449999999997,0.04983472
qwen_3_6_max,minimal,22,0.8,0.8,0.0,1.0,1.0,1.0,1.0,1.0,8,0,2,0,0.0,0.0,0.0,1.0,20537.2,19688.0,36971.29999999999,0.04682808
qwen_3_6_max,minimal,23,0.8666666666666667,0.9333333333333333,-0.06666666666666665,0.9333333333333333,0.6296296296296295,1.0,0.9285714285714286,0.962962962962963,13,0,1,1,0.0,0.07142857142857142,0.0,1.0,19949.866666666665,20310.0,27937.09999999999,0.07244015999999999
qwen_3_6_max,minimal,24,0.625,0.625,0.0,1.0,1.0,1.0,1.0,1.0,5,0,3,0,0.0,0.0,0.0,1.0,13123.75,7970.5,31311.55,0.024730160000000004
qwen_3_6_max,minimal,25,0.8,0.8,0.0,1.0,1.0,1.0,1.0,1.0,4,0,1,0,0.0,0.0,0.0,1.0,11584.8,11069.0,18082.8,0.014807520000000001
qwen_3_6_max,minimal,26,1.0,1.0,0.0,1.0,1.0,1.0,1.0,1.0,4,0,0,0,0.0,0.0,0.0,1.0,12026.0,10123.5,20898.249999999996,0.011538800000000002
qwen_3_6_max,minimal,27,1.0,1.0,0.0,1.0,1.0,1.0,1.0,1.0,11,0,0,0,0.0,0.0,0.0,1.0,15246.454545454546,13308.0,29499.0,0.04114448
qwen_3_6_max,minimal,28,0.9285714285714286,0.9285714285714286,0.0,1.0,1.0,1.0,1.0,1.0,13,0,1,0,0.0,0.0,0.0,1.0,11882.07142857143,9673.0,22462.699999999997,0.042162639999999994
qwen_3_6_max,minimal,29,1.0,1.0,0.0,1.0,1.0,1.0,1.0,1.0,3,0,0,0,0.0,0.0,0.0,1.0,11051.0,10293.0,15600.3,0.007406880000000001
qwen_3_6_max,minimal,30,1.0,1.0,0.0,1.0,1.0,1.0,1.0,1.0,5,0,0,0,0.0,0.0,0.0,1.0,14842.2,12894.0,24572.6,0.01626872
qwen_3_6_max,minimal,31,1.0,1.0,0.0,1.0,1.0,1.0,1.0,1.0,7,0,0,0,0.0,0.0,0.0,1.0,12292.57142857143,12269.0,19748.5,0.020633600000000002
qwen_3_6_max,minimal,32,1.0,1.0,0.0,1.0,1.0,1.0,1.0,1.0,2,0,0,0,0.0,0.0,0.0,1.0,13417.0,13417.0,15960.4,0.00481832
qwen_3_6_max,minimal,33,1.0,1.0,0.0,1.0,1.0,1.0,1.0,1.0,2,0,0,0,0.0,0.0,0.0,1.0,5540.0,5540.0,6181.7,0.00302328
qwen_3_6_max,minimal,35,1.0,1.0,0.0,1.0,1.0,1.0,1.0,1.0,4,0,0,0,0.0,0.0,0.0,1.0,14311.5,12885.0,21929.3,0.01460264
qwen_3_6_max,minimal,36,1.0,1.0,0.0,1.0,1.0,1.0,1.0,1.0,2,0,0,0,0.0,0.0,0.0,1.0,13671.5,13671.5,16488.95,0.007828080000000001
qwen_3_6_max,minimal,37,1.0,1.0,0.0,1.0,1.0,1.0,1.0,1.0,6,0,0,0,0.0,0.0,0.0,1.0,13636.0,10986.0,21648.25,0.02192632
qwen_3_6_max,minimal,38,1.0,1.0,0.0,1.0,1.0,1.0,1.0,1.0,2,0,0,0,0.0,0.0,0.0,1.0,16006.0,16006.0,22160.2,0.0081848
qwen_3_6_max,minimal,39,1.0,1.0,0.0,1.0,1.0,1.0,1.0,1.0,1,0,0,0,0.0,0.0,0.0,1.0,6142.0,6142.0,6142.0,0.00180544
qwen_3_6_max,minimal,41,1.0,1.0,0.0,1.0,1.0,1.0,1.0,1.0,3,0,0,0,0.0,0.0,0.0,1.0,7749.666666666667,6970.0,9655.6,0.006401200000000001
qwen_3_6_max,minimal,43,1.0,1.0,0.0,1.0,1.0,1.0,1.0,1.0,2,0,0,0,0.0,0.0,0.0,1.0,24796.5,24796.5,32308.35,0.012278240000000001
qwen_3_6_max,minimal,44,1.0,1.0,0.0,1.0,1.0,1.0,1.0,1.0,2,0,0,0,0.0,0.0,0.0,1.0,9842.5,9842.5,13007.35,0.0019156800000000001
qwen_3_6_max,minimal,45,1.0,1.0,0.0,1.0,1.0,1.0,1.0,1.0,2,0,0,0,0.0,0.0,0.0,1.0,14717.5,14717.5,22531.75,0.00711568
qwen_3_6_max,minimal,46,1.0,1.0,0.0,1.0,1.0,1.0,1.0,1.0,3,0,0,0,0.0,0.0,0.0,1.0,19251.0,20830.0,21774.1,0.01579448
qwen_3_6_max,minimal,47,1.0,1.0,0.0,1.0,1.0,1.0,1.0,1.0,1,0,0,0,0.0,0.0,0.0,1.0,5982.0,5982.0,5982.0,0.00210392
qwen_3_6_max,minimal,48,1.0,1.0,0.0,1.0,1.0,1.0,1.0,1.0,1,0,0,0,0.0,0.0,0.0,1.0,8831.0,8831.0,8831.0,0.0023815999999999998
qwen_3_6_max,minimal,49,1.0,1.0,0.0,1.0,1.0,1.0,1.0,1.0,5,0,0,0,0.0,0.0,0.0,1.0,10264.4,9743.0,16288.8,0.01099488
qwen_3_6_max,minimal,50,1.0,1.0,0.0,1.0,1.0,1.0,1.0,1.0,1,0,0,0,0.0,0.0,0.0,1.0,17714.0,17714.0,17714.0,0.004645680000000001
qwen_3_6_max,minimal,51,1.0,1.0,0.0,1.0,1.0,1.0,1.0,1.0,1,0,0,0,0.0,0.0,0.0,1.0,11264.0,11264.0,11264.0,0.00302744
qwen_3_6_max,minimal,52,1.0,1.0,0.0,1.0,1.0,1.0,1.0,1.0,4,0,0,0,0.0,0.0,0.0,1.0,10382.0,8106.5,17492.499999999996,0.011466
qwen_3_6_max,minimal,54,0.6666666666666666,0.6666666666666666,0.0,1.0,1.0,1.0,1.0,1.0,2,0,1,0,0.0,0.0,0.0,1.0,18207.666666666668,17705.0,19739.0,0.01373424
qwen_3_6_max,minimal,55,1.0,1.0,0.0,1.0,1.0,1.0,1.0,1.0,2,0,0,0,0.0,0.0,0.0,1.0,6840.5,6840.5,7437.65,0.00405496
qwen_3_6_max,minimal,56,1.0,1.0,0.0,1.0,1.0,1.0,1.0,1.0,2,0,0,0,0.0,0.0,0.0,1.0,16322.5,16322.5,19161.55,0.007649200000000001
qwen_3_6_max,minimal,63,1.0,1.0,0.0,1.0,1.0,1.0,1.0,1.0,1,0,0,0,0.0,0.0,0.0,1.0,16543.0,16543.0,16543.0,0.0041392
qwen_3_6_max,minimal,64,1.0,1.0,0.0,1.0,1.0,1.0,1.0,1.0,2,0,0,0,0.0,0.0,0.0,1.0,10217.0,10217.0,12413.9,0.0055068
qwen_3_6_max,minimal,65,1.0,1.0,0.0,1.0,1.0,1.0,1.0,1.0,1,0,0,0,0.0,0.0,0.0,1.0,12434.0,12434.0,12434.0,0.0033467199999999996
qwen_3_6_max,minimal,94,1.0,1.0,0.0,1.0,1.0,1.0,1.0,1.0,2,0,0,0,0.0,0.0,0.0,1.0,13890.5,13890.5,16134.65,0.00826384
qwen_3_6_max,minimal,99,1.0,1.0,0.0,1.0,1.0,1.0,1.0,1.0,1,0,0,0,0.0,0.0,0.0,1.0,5822.0,5822.0,5822.0,0.0036410400000000003
qwen_3_6_max,minimal,185,0.0,0.0,0.0,1.0,1.0,0.0,0.0,0.0,0,0,1,0,0.0,0.0,0.0,1.0,21423.0,21423.0,21423.0,0.0075452
qwen_3_6_plus,minimal,1,0.7406542056074766,0.6752336448598131,0.06542056074766356,0.897196261682243,0.7513927392739274,0.886435331230284,0.972318339100346,0.9273927392739274,281,36,103,8,0.2589928057553957,0.02768166089965398,0.0,1.0,13498.08878504673,10141.5,32536.499999999996,0.569745475
qwen_3_6_plus,minimal,2,0.819047619047619,0.8,0.01904761904761898,0.9333333333333333,0.7838235294117648,0.9476744186046512,0.9702380952380952,0.9588235294117647,163,9,33,5,0.21428571428571427,0.02976190476190476,0.0,1.0,12797.147619047619,10684.5,27625.39999999999,0.27022677500000003
qwen_3_6_plus,minimal,3,0.8020833333333334,0.8020833333333334,0.0,0.9583333333333334,0.8687628161312373,0.974025974025974,0.974025974025974,0.974025974025974,75,2,17,2,0.10526315789473684,0.025974025974025976,0.0,1.0,12285.40625,10378.5,25712.25,0.117373425
qwen_3_6_plus,minimal,4,0.7959183673469388,0.8571428571428571,-0.061224489795918324,0.8979591836734694,0.644153957879448,0.9743589743589743,0.9047619047619048,0.9382716049382716,38,1,6,4,0.14285714285714285,0.09523809523809523,0.0,1.0,17330.571428571428,12961.0,33968.59999999997,0.06627627499999998
qwen_3_6_plus,minimal,5,0.76,0.76,0.0,1.0,1.0,1.0,1.0,1.0,19,0,6,0,0.0,0.0,0.0,1.0,10023.72,8421.0,20017.79999999999,0.025625275
qwen_3_6_plus,minimal,6,0.8484848484848485,0.8181818181818182,0.030303030303030276,0.9696969696969697,0.890909090909091,0.9642857142857143,1.0,0.9818181818181818,27,1,5,0,0.16666666666666666,0.0,0.0,1.0,9926.0,8726.0,19479.4,0.031115824999999996
qwen_3_6_plus,minimal,7,0.9310344827586207,0.896551724137931,0.03448275862068961,0.9655172413793104,0.7811320754716982,0.9629629629629629,1.0,0.9811320754716981,26,1,2,0,0.3333333333333333,0.0,0.0,1.0,9204.137931034482,7408.0,18510.799999999992,0.026948024999999994
qwen_3_6_plus,minimal,8,0.8709677419354839,0.9032258064516129,-0.032258064516129004,0.967741935483871,0.838961038961039,1.0,0.9642857142857143,0.9818181818181818,27,0,3,1,0.0,0.03571428571428571,0.0,1.0,9947.870967741936,7444.0,23823.0,0.029829150000000002
qwen_3_6_plus,minimal,9,0.85,0.85,0.0,1.0,1.0,1.0,1.0,1.0,17,0,3,0,0.0,0.0,0.0,1.0,14735.95,10899.5,42726.6,0.027811875000000003
qwen_3_6_plus,minimal,10,0.9,0.9,0.0,1.0,1.0,1.0,1.0,1.0,18,0,2,0,0.0,0.0,0.0,1.0,11463.25,10166.5,20092.250000000007,0.023310625
qwen_3_6_plus,minimal,11,1.0,1.0,0.0,1.0,1.0,1.0,1.0,1.0,11,0,0,0,0.0,0.0,0.0,1.0,7846.272727272727,7524.0,12764.0,0.008741525
qwen_3_6_plus,minimal,12,1.0,1.0,0.0,1.0,1.0,1.0,1.0,1.0,13,0,0,0,0.0,0.0,0.0,1.0,11187.538461538461,10903.0,21091.4,0.0150475
qwen_3_6_plus,minimal,13,0.9285714285714286,0.9285714285714286,0.0,1.0,1.0,1.0,1.0,1.0,13,0,1,0,0.0,0.0,0.0,1.0,12996.714285714286,9321.5,34473.35,0.0173641
qwen_3_6_plus,minimal,14,0.8666666666666667,0.8666666666666667,0.0,1.0,1.0,1.0,1.0,1.0,13,0,2,0,0.0,0.0,0.0,1.0,9237.866666666667,9100.0,15372.799999999997,0.014046500000000002
qwen_3_6_plus,minimal,15,1.0,1.0,0.0,1.0,1.0,1.0,1.0,1.0,12,0,0,0,0.0,0.0,0.0,1.0,16005.083333333334,13765.0,42390.69999999996,0.012945725
qwen_3_6_plus,minimal,16,0.16666666666666666,0.3333333333333333,-0.16666666666666666,0.8333333333333334,0.5555555555555557,1.0,0.5,0.6666666666666666,1,0,4,1,0.0,0.5,0.0,1.0,12863.5,13206.0,18884.5,0.00803075
qwen_3_6_plus,minimal,17,1.0,1.0,0.0,1.0,1.0,1.0,1.0,1.0,11,0,0,0,0.0,0.0,0.0,1.0,8913.90909090909,8403.0,15108.0,0.010409749999999999
qwen_3_6_plus,minimal,18,0.8461538461538461,0.8461538461538461,0.0,1.0,1.0,1.0,1.0,1.0,11,0,2,0,0.0,0.0,0.0,1.0,10416.307692307691,7891.0,21365.59999999999,0.014443975
qwen_3_6_plus,minimal,19,0.6,0.4,0.19999999999999996,0.8,0.6000000000000001,0.6666666666666666,1.0,0.8,2,1,2,0,0.3333333333333333,0.0,0.0,1.0,14521.0,11400.0,22900.2,0.007881574999999998
qwen_3_6_plus,minimal,20,1.0,1.0,0.0,1.0,1.0,1.0,1.0,1.0,6,0,0,0,0.0,0.0,0.0,1.0,6577.166666666667,4801.0,12872.25,0.004005625
qwen_3_6_plus,minimal,21,0.8333333333333334,0.8333333333333334,0.0,1.0,1.0,1.0,1.0,1.0,10,0,2,0,0.0,0.0,0.0,1.0,11533.583333333334,9857.5,23094.6,0.015050750000000002
qwen_3_6_plus,minimal,22,0.8,0.8,0.0,1.0,1.0,1.0,1.0,1.0,8,0,2,0,0.0,0.0,0.0,1.0,10043.0,8792.0,19394.39999999999,0.010766925
qwen_3_6_plus,minimal,23,0.8666666666666667,0.9333333333333333,-0.06666666666666665,0.9333333333333333,0.6296296296296295,1.0,0.9285714285714286,0.962962962962963,13,0,1,1,0.0,0.07142857142857142,0.0,1.0,9282.6,7942.0,18499.399999999998,0.014348099999999999
qwen_3_6_plus,minimal,24,0.625,0.625,0.0,1.0,1.0,1.0,1.0,1.0,5,0,3,0,0.0,0.0,0.0,1.0,12607.375,13382.0,17477.8,0.009399325
qwen_3_6_plus,minimal,25,1.0,0.8,0.19999999999999996,0.8,-0.11111111111111124,0.8,1.0,0.888888888888889,4,1,0,0,1.0,0.0,0.0,1.0,14096.8,16738.0,20935.0,0.00777855
qwen_3_6_plus,minimal,26,1.0,1.0,0.0,1.0,1.0,1.0,1.0,1.0,4,0,0,0,0.0,0.0,0.0,1.0,6447.0,6202.0,8467.949999999999,0.002796625
qwen_3_6_plus,minimal,27,1.0,1.0,0.0,1.0,1.0,1.0,1.0,1.0,11,0,0,0,0.0,0.0,0.0,1.0,5864.909090909091,5670.0,8729.5,0.0066820000000000004
qwen_3_6_plus,minimal,28,0.9285714285714286,0.9285714285714286,0.0,1.0,1.0,1.0,1.0,1.0,13,0,1,0,0.0,0.0,0.0,1.0,13861.642857142857,8343.5,43837.84999999998,0.013099775
qwen_3_6_plus,minimal,29,1.0,1.0,0.0,1.0,1.0,1.0,1.0,1.0,3,0,0,0,0.0,0.0,0.0,1.0,10281.333333333334,11617.0,14293.6,0.00339885
qwen_3_6_plus,minimal,30,1.0,1.0,0.0,1.0,1.0,1.0,1.0,1.0,5,0,0,0,0.0,0.0,0.0,1.0,10323.4,4789.0,19317.8,0.005608525
qwen_3_6_plus,minimal,31,1.0,1.0,0.0,1.0,1.0,1.0,1.0,1.0,7,0,0,0,0.0,0.0,0.0,1.0,8702.0,7224.0,14475.099999999999,0.0067326999999999994
qwen_3_6_plus,minimal,32,1.0,1.0,0.0,1.0,1.0,1.0,1.0,1.0,2,0,0,0,0.0,0.0,0.0,1.0,6193.5,6193.5,6294.75,0.0007198749999999999
qwen_3_6_plus,minimal,33,1.0,1.0,0.0,1.0,1.0,1.0,1.0,1.0,2,0,0,0,0.0,0.0,0.0,1.0,4783.5,4783.5,5349.15,0.001053975
qwen_3_6_plus,minimal,35,1.0,1.0,0.0,1.0,1.0,1.0,1.0,1.0,4,0,0,0,0.0,0.0,0.0,1.0,14641.0,13524.5,24360.749999999996,0.006094075
qwen_3_6_plus,minimal,36,1.0,1.0,0.0,1.0,1.0,1.0,1.0,1.0,2,0,0,0,0.0,0.0,0.0,1.0,9457.5,9457.5,13109.25,0.0020777250000000003
qwen_3_6_plus,minimal,37,1.0,1.0,0.0,1.0,1.0,1.0,1.0,1.0,6,0,0,0,0.0,0.0,0.0,1.0,9576.5,8229.0,15514.0,0.006582875000000001
qwen_3_6_plus,minimal,38,1.0,1.0,0.0,1.0,1.0,1.0,1.0,1.0,2,0,0,0,0.0,0.0,0.0,1.0,11187.5,11187.5,15575.449999999999,0.0025402000000000003
qwen_3_6_plus,minimal,39,1.0,1.0,0.0,1.0,1.0,1.0,1.0,1.0,1,0,0,0,0.0,0.0,0.0,1.0,4752.0,4752.0,4752.0,0.00058175
qwen_3_6_plus,minimal,41,1.0,1.0,0.0,1.0,1.0,1.0,1.0,1.0,3,0,0,0,0.0,0.0,0.0,1.0,9144.333333333334,9060.0,11287.5,0.002895425
qwen_3_6_plus,minimal,43,1.0,1.0,0.0,1.0,1.0,1.0,1.0,1.0,2,0,0,0,0.0,0.0,0.0,1.0,8941.5,8941.5,10222.65,0.00200395
qwen_3_6_plus,minimal,44,1.0,1.0,0.0,1.0,1.0,1.0,1.0,1.0,2,0,0,0,0.0,0.0,0.0,1.0,11483.5,11483.5,17476.149999999998,0.0020514
qwen_3_6_plus,minimal,45,1.0,1.0,0.0,1.0,1.0,1.0,1.0,1.0,2,0,0,0,0.0,0.0,0.0,1.0,4115.0,4115.0,5010.5,0.0010556
qwen_3_6_plus,minimal,46,1.0,1.0,0.0,1.0,1.0,1.0,1.0,1.0,3,0,0,0,0.0,0.0,0.0,1.0,9402.666666666666,6544.0,14324.5,0.0032392750000000002
qwen_3_6_plus,minimal,47,1.0,1.0,0.0,1.0,1.0,1.0,1.0,1.0,1,0,0,0,0.0,0.0,0.0,1.0,10498.0,10498.0,10498.0,0.001267825
qwen_3_6_plus,minimal,48,1.0,1.0,0.0,1.0,1.0,1.0,1.0,1.0,1,0,0,0,0.0,0.0,0.0,1.0,3967.0,3967.0,3967.0,0.0006350500000000001
qwen_3_6_plus,minimal,49,1.0,1.0,0.0,1.0,1.0,1.0,1.0,1.0,5,0,0,0,0.0,0.0,0.0,1.0,8121.4,9277.0,11811.199999999999,0.0036660000000000004
qwen_3_6_plus,minimal,50,1.0,1.0,0.0,1.0,1.0,1.0,1.0,1.0,1,0,0,0,0.0,0.0,0.0,1.0,13991.0,13991.0,13991.0,0.001627275
qwen_3_6_plus,minimal,51,1.0,1.0,0.0,1.0,1.0,1.0,1.0,1.0,1,0,0,0,0.0,0.0,0.0,1.0,4688.0,4688.0,4688.0,0.000637975
qwen_3_6_plus,minimal,52,1.0,1.0,0.0,1.0,1.0,1.0,1.0,1.0,4,0,0,0,0.0,0.0,0.0,1.0,10952.75,10680.0,17229.1,0.005119725
qwen_3_6_plus,minimal,54,0.6666666666666666,0.6666666666666666,0.0,1.0,1.0,1.0,1.0,1.0,2,0,1,0,0.0,0.0,0.0,1.0,9352.666666666666,6243.0,17160.899999999998,0.0031921500000000004
qwen_3_6_plus,minimal,55,1.0,1.0,0.0,1.0,1.0,1.0,1.0,1.0,2,0,0,0,0.0,0.0,0.0,1.0,9087.0,9087.0,11651.1,0.002142725
qwen_3_6_plus,minimal,56,1.0,1.0,0.0,1.0,1.0,1.0,1.0,1.0,2,0,0,0,0.0,0.0,0.0,1.0,10692.0,10692.0,15947.099999999999,0.002439125
qwen_3_6_plus,minimal,63,1.0,1.0,0.0,1.0,1.0,1.0,1.0,1.0,1,0,0,0,0.0,0.0,0.0,1.0,9076.0,9076.0,9076.0,0.00109655
qwen_3_6_plus,minimal,64,1.0,1.0,0.0,1.0,1.0,1.0,1.0,1.0,2,0,0,0,0.0,0.0,0.0,1.0,8323.0,8323.0,11776.3,0.002009475
qwen_3_6_plus,minimal,65,1.0,1.0,0.0,1.0,1.0,1.0,1.0,1.0,1,0,0,0,0.0,0.0,0.0,1.0,20308.0,20308.0,20308.0,0.00225485
qwen_3_6_plus,minimal,94,1.0,1.0,0.0,1.0,1.0,1.0,1.0,1.0,2,0,0,0,0.0,0.0,0.0,1.0,5640.0,5640.0,6659.7,0.00170105
qwen_3_6_plus,minimal,99,1.0,1.0,0.0,1.0,1.0,1.0,1.0,1.0,1,0,0,0,0.0,0.0,0.0,1.0,11310.0,11310.0,11310.0,0.001787175
qwen_3_6_plus,minimal,185,0.0,0.0,0.0,1.0,1.0,0.0,0.0,0.0,0,0,1,0,0.0,0.0,0.0,1.0,5532.0,5532.0,5532.0,0.001156675
solar_pro_3,minimal,1,0.7453271028037384,0.6752336448598131,0.0700934579439253,0.8504672897196262,0.6366723259762309,0.8526645768025078,0.9411764705882353,0.8947368421052632,272,47,92,17,0.3381294964028777,0.058823529411764705,0.0,1.0,834.0934579439253,714.0,1330.0,0.01704678
solar_pro_3,minimal,2,0.7666666666666667,0.8,-0.033333333333333326,0.8428571428571429,0.5370586859948562,0.9192546583850931,0.8809523809523809,0.8996960486322189,148,13,29,20,0.30952380952380953,0.11904761904761904,0.0,1.0,827.8047619047619,721.5,1345.75,0.00887091
solar_pro_3,minimal,3,0.7708333333333334,0.8020833333333334,-0.03125,0.8645833333333334,0.5968341140365045,0.9324324324324325,0.8961038961038961,0.9139072847682119,69,5,14,8,0.2631578947368421,0.1038961038961039,0.0,1.0,865.21875,734.5,1316.0,0.004038629999999999
solar_pro_3,minimal,4,0.7142857142857143,0.8571428571428571,-0.1428571428571428,0.7755102040816326,0.3333333333333333,0.9428571428571428,0.7857142857142857,0.8571428571428571,33,2,5,9,0.2857142857142857,0.21428571428571427,0.0,1.0,852.6938775510204,725.0,1365.199999999999,0.002208929999999999
solar_pro_3,minimal,5,0.68,0.76,-0.07999999999999996,0.92,0.8015873015873017,1.0,0.8947368421052632,0.9444444444444444,17,0,6,2,0.0,0.10526315789473684,0.0,1.0,772.04,750.0,1092.7999999999995,0.0012147000000000002
solar_pro_3,minimal,6,0.8484848484848485,0.8181818181818182,0.030303030303030276,0.9090909090909091,0.6727272727272725,0.9285714285714286,0.9629629629629629,0.9454545454545454,26,2,4,1,0.3333333333333333,0.037037037037037035,0.0,1.0,829.030303030303,748.0,1349.0,0.0015694799999999998
solar_pro_3,minimal,7,0.9310344827586207,0.896551724137931,0.03448275862068961,0.9655172413793104,0.7811320754716982,0.9629629629629629,1.0,0.9811320754716981,26,1,2,0,0.3333333333333333,0.0,0.0,1.0,826.3793103448276,714.0,1304.0,0.00131895
solar_pro_3,minimal,8,0.9032258064516129,0.9032258064516129,0.0,0.9354838709677419,0.6309523809523809,0.9642857142857143,0.9642857142857143,0.9642857142857143,27,1,2,1,0.3333333333333333,0.03571428571428571,0.0,1.0,882.1290322580645,706.0,1342.0,0.0015564
solar_pro_3,minimal,9,0.9,0.85,0.050000000000000044,0.85,0.31428571428571417,0.8888888888888888,0.9411764705882353,0.9142857142857143,16,2,1,1,0.6666666666666666,0.058823529411764705,0.0,1.0,776.05,735.0,1265.25,0.0010644299999999999
solar_pro_3,minimal,10,0.7,0.9,-0.20000000000000007,0.8,0.37499999999999983,1.0,0.7777777777777778,0.8750000000000001,14,0,2,4,0.0,0.2222222222222222,0.0,1.0,844.5,756.0,1264.1,0.0011271
solar_pro_3,minimal,11,0.9090909090909091,1.0,-0.09090909090909094,0.9090909090909091,-0.047619047619050114,1.0,0.9090909090909091,0.9523809523809523,10,0,0,1,0.0,0.09090909090909091,0.0,1.0,790.8181818181819,731.0,1107.5,0.0006092099999999999
solar_pro_3,minimal,12,1.0,1.0,0.0,1.0,1.0,1.0,1.0,1.0,13,0,0,0,0.0,0.0,0.0,1.0,850.3846153846154,733.0,1242.0,0.00070773
solar_pro_3,minimal,13,0.8571428571428571,0.9285714285714286,-0.07142857142857151,0.9285714285714286,0.6266666666666668,1.0,0.9230769230769231,0.9600000000000001,12,0,1,1,0.0,0.07692307692307693,0.0,1.0,807.2857142857143,717.0,1283.8,0.0006141300000000001
solar_pro_3,minimal,14,0.8666666666666667,0.8666666666666667,0.0,1.0,1.0,1.0,1.0,1.0,13,0,2,0,0.0,0.0,0.0,1.0,779.3333333333334,688.0,1325.2,0.0008703900000000001
solar_pro_3,minimal,15,0.8333333333333334,1.0,-0.16666666666666663,0.8333333333333334,-0.09090909090908979,1.0,0.8333333333333334,0.9090909090909091,10,0,0,2,0.0,0.16666666666666666,0.0,1.0,879.4166666666666,696.5,1326.2,0.00074787
solar_pro_3,minimal,16,0.16666666666666666,0.3333333333333333,-0.16666666666666666,0.8333333333333334,0.5555555555555557,1.0,0.5,0.6666666666666666,1,0,4,1,0.0,0.5,0.0,1.0,682.0,664.5,777.5,0.00035225999999999996
solar_pro_3,minimal,17,1.0,1.0,0.0,1.0,1.0,1.0,1.0,1.0,11,0,0,0,0.0,0.0,0.0,1.0,812.8181818181819,743.0,1180.5,0.00075117
solar_pro_3,minimal,18,0.8461538461538461,0.8461538461538461,0.0,1.0,1.0,1.0,1.0,1.0,11,0,2,0,0.0,0.0,0.0,1.0,891.0769230769231,749.0,1690.9999999999982,0.0008958299999999998
solar_pro_3,minimal,19,0.4,0.4,0.0,0.6,0.1666666666666666,0.5,0.5,0.5,1,1,2,1,0.3333333333333333,0.5,0.0,1.0,925.8,869.0,1259.0,0.0003491999999999999
solar_pro_3,minimal,20,1.0,1.0,0.0,1.0,1.0,1.0,1.0,1.0,6,0,0,0,0.0,0.0,0.0,1.0,807.0,717.0,1130.5,0.00038930999999999997
solar_pro_3,minimal,21,0.9166666666666666,0.8333333333333334,0.08333333333333326,0.9166666666666666,0.6190476190476188,0.9090909090909091,1.0,0.9523809523809523,10,1,1,0,0.5,0.0,0.0,1.0,722.5,735.0,846.1999999999999,0.00091557
solar_pro_3,minimal,22,0.8,0.8,0.0,1.0,1.0,1.0,1.0,1.0,8,0,2,0,0.0,0.0,0.0,1.0,920.4,844.0,1321.6499999999999,0.0007690499999999999
solar_pro_3,minimal,23,0.8,0.9333333333333333,-0.1333333333333333,0.8666666666666667,0.423076923076923,1.0,0.8571428571428571,0.923076923076923,12,0,1,2,0.0,0.14285714285714285,0.0,1.0,838.6,746.0,1344.6,0.0010433999999999999
solar_pro_3,minimal,24,0.625,0.625,0.0,1.0,1.0,1.0,1.0,1.0,5,0,3,0,0.0,0.0,0.0,1.0,664.5,668.5,735.8,0.0005513699999999999
solar_pro_3,minimal,25,0.8,0.8,0.0,1.0,1.0,1.0,1.0,1.0,4,0,1,0,0.0,0.0,0.0,1.0,803.2,726.0,1101.0,0.00038234999999999994
solar_pro_3,minimal,26,1.0,1.0,0.0,1.0,1.0,1.0,1.0,1.0,4,0,0,0,0.0,0.0,0.0,1.0,955.25,953.0,1258.95,0.00030473999999999996
solar_pro_3,minimal,27,0.8181818181818182,1.0,-0.18181818181818177,0.8181818181818182,-0.09999999999999892,1.0,0.8181818181818182,0.9,9,0,0,2,0.0,0.18181818181818182,0.0,1.0,906.4545454545455,783.0,1254.5,0.0008687699999999999
solar_pro_3,minimal,28,0.8571428571428571,0.9285714285714286,-0.07142857142857151,0.9285714285714286,0.6266666666666668,1.0,0.9230769230769231,0.9600000000000001,12,0,1,1,0.0,0.07692307692307693,0.0,1.0,770.5714285714286,677.5,1224.1,0.00113334
solar_pro_3,minimal,29,1.0,1.0,0.0,1.0,1.0,1.0,1.0,1.0,3,0,0,0,0.0,0.0,0.0,1.0,807.0,684.0,1089.8999999999999,0.00024213
solar_pro_3,minimal,30,1.0,1.0,0.0,1.0,1.0,1.0,1.0,1.0,5,0,0,0,0.0,0.0,0.0,1.0,967.2,716.0,1530.6,0.00042449999999999996
solar_pro_3,minimal,31,1.0,1.0,0.0,1.0,1.0,1.0,1.0,1.0,7,0,0,0,0.0,0.0,0.0,1.0,768.1428571428571,765.0,864.4,0.0006173699999999999
solar_pro_3,minimal,32,1.0,1.0,0.0,1.0,1.0,1.0,1.0,1.0,2,0,0,0,0.0,0.0,0.0,1.0,793.0,793.0,929.8,7.416e-05
solar_pro_3,minimal,33,1.0,1.0,0.0,1.0,1.0,1.0,1.0,1.0,2,0,0,0,0.0,0.0,0.0,1.0,704.0,704.0,704.9,0.00015192
solar_pro_3,minimal,35,1.0,1.0,0.0,1.0,1.0,1.0,1.0,1.0,4,0,0,0,0.0,0.0,0.0,1.0,1037.0,968.0,1411.25,0.00043014
solar_pro_3,minimal,36,1.0,1.0,0.0,1.0,1.0,1.0,1.0,1.0,2,0,0,0,0.0,0.0,0.0,1.0,662.0,662.0,677.3,0.00017426999999999997
solar_pro_3,minimal,37,1.0,1.0,0.0,1.0,1.0,1.0,1.0,1.0,6,0,0,0,0.0,0.0,0.0,1.0,798.0,744.0,1081.5,0.00061311
solar_pro_3,minimal,38,1.0,1.0,0.0,1.0,1.0,1.0,1.0,1.0,2,0,0,0,0.0,0.0,0.0,1.0,690.0,690.0,690.9,0.00019062000000000001
solar_pro_3,minimal,39,1.0,1.0,0.0,1.0,1.0,1.0,1.0,1.0,1,0,0,0,0.0,0.0,0.0,1.0,843.0,843.0,843.0,9.711e-05
solar_pro_3,minimal,41,1.0,1.0,0.0,1.0,1.0,1.0,1.0,1.0,3,0,0,0,0.0,0.0,0.0,1.0,737.3333333333334,720.0,860.4,0.00029538
solar_pro_3,minimal,43,0.5,1.0,-0.5,0.5,-0.3333333333333333,1.0,0.5,0.6666666666666666,1,0,0,1,0.0,0.5,0.0,1.0,794.0,794.0,886.7,0.00020156999999999998
solar_pro_3,minimal,44,1.0,1.0,0.0,1.0,1.0,1.0,1.0,1.0,2,0,0,0,0.0,0.0,0.0,1.0,799.5,799.5,880.95,0.00013851
solar_pro_3,minimal,45,1.0,1.0,0.0,1.0,1.0,1.0,1.0,1.0,2,0,0,0,0.0,0.0,0.0,1.0,980.5,980.5,1229.35,0.00021117
solar_pro_3,minimal,46,0.6666666666666666,1.0,-0.33333333333333337,0.6666666666666666,-0.20000000000000057,1.0,0.6666666666666666,0.8,2,0,0,1,0.0,0.3333333333333333,0.0,1.0,730.3333333333334,746.0,789.2,0.00030033
solar_pro_3,minimal,47,1.0,1.0,0.0,1.0,1.0,1.0,1.0,1.0,1,0,0,0,0.0,0.0,0.0,1.0,1235.0,1235.0,1235.0,0.00011886
solar_pro_3,minimal,48,1.0,1.0,0.0,1.0,1.0,1.0,1.0,1.0,1,0,0,0,0.0,0.0,0.0,1.0,970.0,970.0,970.0,0.00019760999999999997
solar_pro_3,minimal,49,1.0,1.0,0.0,1.0,1.0,1.0,1.0,1.0,5,0,0,0,0.0,0.0,0.0,1.0,775.0,780.0,901.8,0.00044364
solar_pro_3,minimal,50,1.0,1.0,0.0,1.0,1.0,1.0,1.0,1.0,1,0,0,0,0.0,0.0,0.0,1.0,646.0,646.0,646.0,0.00010085999999999999
solar_pro_3,minimal,51,1.0,1.0,0.0,1.0,1.0,1.0,1.0,1.0,1,0,0,0,0.0,0.0,0.0,1.0,733.0,733.0,733.0,0.00012516
solar_pro_3,minimal,52,0.75,1.0,-0.25,0.75,-0.14285714285714285,1.0,0.75,0.8571428571428571,3,0,0,1,0.0,0.25,0.0,1.0,783.75,800.5,825.4,0.00046419
solar_pro_3,minimal,54,1.0,0.6666666666666666,0.33333333333333337,0.6666666666666666,-0.20000000000000057,0.6666666666666666,1.0,0.8,2,1,0,0,1.0,0.0,0.0,1.0,1296.3333333333333,1228.0,1786.0,0.00035088000000000003
solar_pro_3,minimal,55,1.0,1.0,0.0,1.0,1.0,1.0,1.0,1.0,2,0,0,0,0.0,0.0,0.0,1.0,1287.0,1287.0,1673.1,0.00023382
solar_pro_3,minimal,56,1.0,1.0,0.0,1.0,1.0,1.0,1.0,1.0,2,0,0,0,0.0,0.0,0.0,1.0,718.5,718.5,767.55,0.00021657000000000002
solar_pro_3,minimal,63,1.0,1.0,0.0,1.0,1.0,1.0,1.0,1.0,1,0,0,0,0.0,0.0,0.0,1.0,702.0,702.0,702.0,0.00011031
solar_pro_3,minimal,64,1.0,1.0,0.0,1.0,1.0,1.0,1.0,1.0,2,0,0,0,0.0,0.0,0.0,1.0,1222.5,1222.5,1229.25,0.00024567
solar_pro_3,minimal,65,1.0,1.0,0.0,1.0,1.0,1.0,1.0,1.0,1,0,0,0,0.0,0.0,0.0,1.0,631.0,631.0,631.0,0.00012531
solar_pro_3,minimal,94,1.0,1.0,0.0,1.0,1.0,1.0,1.0,1.0,2,0,0,0,0.0,0.0,0.0,1.0,821.5,821.5,877.75,0.00035456999999999996
solar_pro_3,minimal,99,1.0,1.0,0.0,1.0,1.0,1.0,1.0,1.0,1,0,0,0,0.0,0.0,0.0,1.0,761.0,761.0,761.0,0.00035405999999999995
solar_pro_3,minimal,185,0.0,0.0,0.0,1.0,1.0,0.0,0.0,0.0,0,0,1,0,0.0,0.0,0.0,1.0,810.0,810.0,810.0,0.00031196999999999996
