judge_model,metric,ci_low,ci_high,iterations
gpt_4_1_mini,scotts_pi,0.5431373494968706,0.6611965688881288,200
gpt_4_1_nano,scotts_pi,0.17067661199646522,0.32360250216609343,200
gpt_5_4_mini,scotts_pi,0.7510463742512712,0.8362436572291659,200
gpt_5_4_nano,scotts_pi,0.667360891424126,0.7630230430331739,200
