judge_model,prompt_template,answer_length_bucket,judge_score,human_score,score_delta,percent_agreement,scotts_pi,precision,recall,f1,tp,fp,tn,fn,fpr,fnr,invalid_rate,valid_rate,avg_latency_ms,p50_latency_ms,p95_latency_ms,total_estimated_cost
google-gemma-4-E2B-it,guideline,long,0.75,0.5,0.25,0.75,0.4666666666666667,0.6666666666666666,1.0,0.8,2,1,1,0,0.5,0.0,0.0,1.0,858.75,817.5,1175.05,0.0
google-gemma-4-E2B-it,guideline,medium,0.8888888888888888,0.7777777777777778,0.11111111111111105,0.8888888888888888,0.5999999999999996,0.875,1.0,0.9333333333333333,7,1,1,0,0.5,0.0,0.0,1.0,845.4444444444445,634.0,1619.5999999999997,0.0
google-gemma-4-E2B-it,guideline,short,0.8571428571428571,0.5714285714285714,0.2857142857142857,0.7142857142857143,0.30000000000000004,0.6666666666666666,1.0,0.8,4,2,1,0,0.6666666666666666,0.0,0.0,1.0,595.8571428571429,587.0,886.0999999999999,0.0
google-gemma-4-E2B-it,guideline_with_examples,long,0.75,0.5,0.25,0.75,0.4666666666666667,0.6666666666666666,1.0,0.8,2,1,1,0,0.5,0.0,0.0,1.0,803.25,772.0,1052.0,0.0
google-gemma-4-E2B-it,guideline_with_examples,medium,0.6666666666666666,0.7777777777777778,-0.11111111111111116,0.8888888888888888,0.723076923076923,1.0,0.8571428571428571,0.923076923076923,6,0,2,1,0.0,0.14285714285714285,0.0,1.0,845.2222222222222,649.0,1788.5999999999995,0.0
google-gemma-4-E2B-it,guideline_with_examples,short,0.7142857142857143,0.5714285714285714,0.1428571428571429,0.5714285714285714,0.0666666666666665,0.6,0.75,0.6666666666666665,3,2,1,1,0.6666666666666666,0.25,0.0,1.0,530.2857142857143,521.0,795.1999999999999,0.0
google-gemma-4-E2B-it,minimal,long,1.0,0.5,0.5,0.5,-0.3333333333333333,0.5,1.0,0.6666666666666666,2,2,0,0,1.0,0.0,0.0,1.0,807.25,767.5,1099.3999999999999,0.0
google-gemma-4-E2B-it,minimal,medium,1.0,0.7777777777777778,0.2222222222222222,0.7777777777777778,-0.125,0.7777777777777778,1.0,0.8750000000000001,7,2,0,0,1.0,0.0,0.0,1.0,713.0,655.0,1037.3999999999999,0.0
google-gemma-4-E2B-it,minimal,short,1.0,0.5714285714285714,0.4285714285714286,0.5714285714285714,-0.27272727272727265,0.5714285714285714,1.0,0.7272727272727273,4,3,0,0,1.0,0.0,0.0,1.0,723.0,697.0,1159.8999999999996,0.0
