judge_model,answer_source,judge_score,human_score,score_delta,percent_agreement,scotts_pi,precision,recall,f1,tp,fp,tn,fn,fpr,fnr,invalid_rate,valid_rate,avg_latency_ms,p50_latency_ms,p95_latency_ms,total_estimated_cost
google-gemma-4-E2B-it,chatgpt,1.0,0.6666666666666666,0.33333333333333337,0.6666666666666666,-0.20000000000000057,0.6666666666666666,1.0,0.8,6,3,0,0,1.0,0.0,0.0,1.0,808.7777777777778,837.0,1067.1999999999998,0.0
google-gemma-4-E2B-it,fid,1.0,0.6666666666666666,0.33333333333333337,0.6666666666666666,-0.20000000000000057,0.6666666666666666,1.0,0.8,4,2,0,0,1.0,0.0,0.0,1.0,690.8333333333334,654.5,1169.0,0.0
google-gemma-4-E2B-it,gpt35,1.0,0.5,0.5,0.5,-0.3333333333333333,0.5,1.0,0.6666666666666666,1,1,0,0,1.0,0.0,0.0,1.0,833.5,833.5,1087.75,0.0
google-gemma-4-E2B-it,gpt4,1.0,1.0,0.0,1.0,1.0,1.0,1.0,1.0,1,0,0,0,0.0,0.0,0.0,1.0,463.0,463.0,463.0,0.0
google-gemma-4-E2B-it,newbing,1.0,0.5,0.5,0.5,-0.3333333333333333,0.5,1.0,0.6666666666666666,1,1,0,0,1.0,0.0,0.0,1.0,597.0,597.0,624.9,0.0
