judge_model,answer_length_bucket,judge_score,human_score,score_delta,percent_agreement,scotts_pi,precision,recall,f1,tp,fp,tn,fn,fpr,fnr,invalid_rate,valid_rate,avg_latency_ms,p50_latency_ms,p95_latency_ms,total_estimated_cost
google-gemma-4-E2B-it,long,1.0,0.5,0.5,0.5,-0.3333333333333333,0.5,1.0,0.6666666666666666,2,2,0,0,1.0,0.0,0.0,1.0,804.5,768.0,1092.75,0.0
google-gemma-4-E2B-it,medium,1.0,0.7777777777777778,0.2222222222222222,0.7777777777777778,-0.125,0.7777777777777778,1.0,0.8750000000000001,7,2,0,0,1.0,0.0,0.0,1.0,717.7777777777778,646.0,1062.0,0.0
google-gemma-4-E2B-it,short,1.0,0.5714285714285714,0.4285714285714286,0.5714285714285714,-0.27272727272727265,0.5714285714285714,1.0,0.7272727272727273,4,3,0,0,1.0,0.0,0.0,1.0,724.2857142857143,707.0,1167.1999999999998,0.0
