judge_model,human_label,judge_score,human_score,score_delta,percent_agreement,scotts_pi,precision,recall,f1,tp,fp,tn,fn,fpr,fnr,invalid_rate,valid_rate,avg_latency_ms,p50_latency_ms,p95_latency_ms,total_estimated_cost
invalid_dummy,False,0.0,0.0,0.0,0.0,0.0,0.0,0.0,0.0,0,0,0,0,0.0,0.0,1.0,0.0,0.0,0.0,0.0,0.0
invalid_dummy,True,0.0,0.0,0.0,0.0,0.0,0.0,0.0,0.0,0,0,0,0,0.0,0.0,1.0,0.0,0.0,0.0,0.0,0.0
perfect_dummy,False,0.07142857142857142,0.0,0.07142857142857142,0.9285714285714286,-0.03703703703703835,0.0,0.0,0.0,0,1,13,0,0.07142857142857142,0.0,0.0,1.0,0.0,0.0,0.0,0.0
perfect_dummy,True,0.8333333333333334,1.0,-0.16666666666666663,0.8333333333333334,-0.09090909090908979,1.0,0.8333333333333334,0.9090909090909091,30,0,0,6,0.0,0.16666666666666666,0.0,1.0,0.0,0.0,0.0,0.0
