judge_model,answer_length_bucket,judge_score,human_score,score_delta,percent_agreement,scotts_pi,precision,recall,f1,tp,fp,tn,fn,fpr,fnr,invalid_rate,valid_rate,avg_latency_ms,p50_latency_ms,p95_latency_ms,total_estimated_cost
invalid_dummy,long,0.0,0.0,0.0,0.0,0.0,0.0,0.0,0.0,0,0,0,0,0.0,0.0,1.0,0.0,0.0,0.0,0.0,0.0
invalid_dummy,medium,0.0,0.0,0.0,0.0,0.0,0.0,0.0,0.0,0,0,0,0,0.0,0.0,1.0,0.0,0.0,0.0,0.0,0.0
invalid_dummy,short,0.0,0.0,0.0,0.0,0.0,0.0,0.0,0.0,0,0,0,0,0.0,0.0,1.0,0.0,0.0,0.0,0.0,0.0
perfect_dummy,long,0.5,0.5714285714285714,-0.0714285714285714,0.7857142857142857,0.5692307692307692,0.8571428571428571,0.75,0.7999999999999999,6,1,5,2,0.16666666666666666,0.25,0.0,1.0,0.0,0.0,0.0,0.0
perfect_dummy,medium,0.5263157894736842,0.6842105263157895,-0.1578947368421053,0.8421052631578947,0.6695652173913043,1.0,0.7692307692307693,0.8695652173913044,10,0,6,3,0.0,0.23076923076923078,0.0,1.0,0.0,0.0,0.0,0.0
perfect_dummy,short,0.8235294117647058,0.8823529411764706,-0.05882352941176472,0.9411764705882353,0.7655172413793102,1.0,0.9333333333333333,0.9655172413793104,14,0,2,1,0.0,0.06666666666666667,0.0,1.0,0.0,0.0,0.0,0.0
