judge_model,dataset,judge_score,human_score,score_delta,percent_agreement,scotts_pi,precision,recall,f1,tp,fp,tn,fn,fpr,fnr,invalid_rate,valid_rate,avg_latency_ms,p50_latency_ms,p95_latency_ms,total_estimated_cost
invalid_dummy,NQ,0.0,0.0,0.0,0.0,0.0,0.0,0.0,0.0,0,0,0,0,0.0,0.0,1.0,0.0,0.0,0.0,0.0,0.0
invalid_dummy,TQ,0.0,0.0,0.0,0.0,0.0,0.0,0.0,0.0,0,0,0,0,0.0,0.0,1.0,0.0,0.0,0.0,0.0,0.0
perfect_dummy,NQ,0.4,0.6,-0.19999999999999996,0.8,0.6000000000000001,1.0,0.6666666666666666,0.8,10,0,10,5,0.0,0.3333333333333333,0.0,1.0,0.0,0.0,0.0,0.0
perfect_dummy,TQ,0.84,0.84,0.0,0.92,0.7023809523809527,0.9523809523809523,0.9523809523809523,0.9523809523809523,20,1,3,1,0.25,0.047619047619047616,0.0,1.0,0.0,0.0,0.0,0.0
