judge_model,prompt_template,judge_score,human_score,score_delta,fpr,fnr
llama_3_1_8b,minimal,0.7420435510887772,0.7897822445561139,-0.047738693467336724,0.3386454183266932,0.15058324496288442
qwen_3_235b,minimal,0.7725,0.7883333333333333,-0.015833333333333366,0.17716535433070865,0.06765327695560254
