judge_model,prompt_template,judge_score,human_score,score_delta,percent_agreement,scotts_pi,precision,recall,f1,tp,fp,tn,fn,fpr,fnr,invalid_rate,valid_rate,avg_latency_ms,p50_latency_ms,p95_latency_ms,total_estimated_cost
llama_3_1_8b,minimal,0.7420435510887772,0.7897822445561139,-0.047738693467336724,0.8098827470686767,0.46980617383811407,0.9040632054176072,0.8494167550371156,0.8758884636413339,801,85,166,142,0.3386454183266932,0.15058324496288442,0.005,0.995,925.3685092127304,381.0,1715.9999999999982,0.0
qwen_3_235b,minimal,0.7725,0.7883333333333333,-0.015833333333333366,0.9091666666666667,0.7349734720197433,0.9514563106796117,0.9323467230443975,0.9418045915643353,882,45,209,64,0.17716535433070865,0.06765327695560254,0.0,1.0,16967.358333333334,752.0,61427.35,0.0
